2.6,1360.0,150.0,11.9,1046.0,166.0,1056.0,113.0,1692.0,1268.0,13.6,48.9,0.7578
2.0,1292.0,112.0,9.4,955.0,103.0,1174.0,92.0,1559.0,972.0,13.3,47.7,0.7255
2.2,1402.0,88.0,9.0,939.0,131.0,1140.0,114.0,1555.0,1074.0,11.9,54.0,0.7502
2.2,1376.0,80.0,9.2,948.0,172.0,1092.0,122.0,1584.0,1203.0,11.0,60.0,0.7867
1.6,1272.0,51.0,6.5,836.0,131.0,1205.0,116.0,1490.0,1110.0,11.2,59.6,0.7888
1.2,1197.0,38.0,4.7,750.0,89.0,1337.0,96.0,1393.0,949.0,11.2,59.2,0.7848
1.2,1185.0,31.0,3.6,690.0,62.0,1462.0,77.0,1333.0,733.0,11.3,56.8,0.7603
1.0,1136.0,31.0,3.3,672.0,62.0,1453.0,76.0,1333.0,730.0,10.7,60.0,0.7702
0.9,1094.0,24.0,2.3,609.0,45.0,1579.0,60.0,1276.0,620.0,10.7,59.7,0.7648
0.7,1066.0,8.0,1.1,512.0,16.0,1918.0,28.0,1182.0,422.0,11.0,56.2,0.7366
0.7,1052.0,16.0,1.6,553.0,34.0,1738.0,48.0,1221.0,472.0,10.5,58.1,0.7353
1.1,1144.0,29.0,3.2,667.0,98.0,1490.0,82.0,1339.0,730.0,10.2,59.6,0.7417
2.0,1333.0,64.0,8.0,900.0,174.0,1136.0,112.0,1517.0,1102.0,10.8,57.4,0.7408
2.2,1351.0,87.0,9.5,960.0,129.0,1079.0,101.0,1583.0,1028.0,10.5,60.6,0.7691
1.7,1233.0,77.0,6.3,827.0,112.0,1218.0,98.0,1446.0,860.0,10.8,58.4,0.7552
1.5,1179.0,43.0,5.0,762.0,95.0,1328.0,92.0,1362.0,671.0,10.5,57.9,0.7352
1.6,1236.0,61.0,5.2,774.0,104.0,1301.0,95.0,1401.0,664.0,9.5,66.8,0.7951
1.9,1286.0,63.0,7.3,869.0,146.0,1162.0,112.0,1537.0,799.0,8.3,76.4,0.8393
2.9,1371.0,164.0,11.5,1034.0,207.0,983.0,128.0,1730.0,1037.0,8.0,81.1,0.8736
2.2,1310.0,79.0,8.8,933.0,184.0,1082.0,126.0,1647.0,946.0,8.3,79.8,0.8778
2.2,1292.0,95.0,8.3,912.0,193.0,1103.0,131.0,1591.0,957.0,9.7,71.2,0.8569
2.9,1383.0,150.0,11.2,1020.0,243.0,1008.0,135.0,1719.0,1104.0,9.8,67.6,0.8185
4.8,1581.0,307.0,20.8,1319.0,281.0,799.0,151.0,2083.0,1409.0,10.3,64.2,0.8065
6.9,1776.0,461.0,27.4,1488.0,383.0,702.0,172.0,2333.0,1704.0,9.7,69.3,0.8319
6.1,1640.0,401.0,24.0,1404.0,351.0,743.0,165.0,2191.0,1654.0,9.6,67.8,0.8133
3.9,1313.0,197.0,12.8,1076.0,240.0,957.0,136.0,1707.0,1285.0,9.1,64.0,0.7419
1.5,965.0,61.0,4.7,749.0,94.0,1325.0,85.0,1333.0,821.0,8.2,63.4,0.6905
1.0,913.0,26.0,2.6,629.0,47.0,1565.0,53.0,1252.0,552.0,8.2,60.8,0.6657
1.7,1080.0,55.0,5.9,805.0,122.0,1254.0,97.0,1375.0,816.0,8.3,58.5,0.6438
1.9,1044.0,53.0,6.4,829.0,133.0,1247.0,110.0,1378.0,832.0,7.7,59.7,0.6308
1.4,988.0,40.0,4.1,718.0,82.0,1396.0,91.0,1304.0,692.0,7.1,61.8,0.6276
0.6,847.0,7.0,1.0,501.0,30.0,1895.0,44.0,1155.0,394.0,6.3,65.0,0.6233
0.8,927.0,17.0,1.8,571.0,56.0,1685.0,71.0,1223.0,487.0,6.8,62.9,0.6234
1.4,1091.0,33.0,4.4,730.0,109.0,1387.0,104.0,1361.0,748.0,6.4,65.1,0.6316
4.4,1587.0,202.0,17.9,1236.0,307.0,897.0,141.0,1900.0,1400.0,7.3,63.1,0.6499
3.1,1350.0,208.0,14.0,1118.0,187.0,912.0,122.0,1712.0,1237.0,13.2,41.7,0.632
2.7,1263.0,166.0,11.6,1037.0,216.0,969.0,143.0,1598.0,1167.0,14.3,38.4,0.6243
2.1,1206.0,114.0,10.2,986.0,143.0,1035.0,113.0,1537.0,959.0,15.0,36.5,0.6195
2.5,1252.0,140.0,11.0,1016.0,160.0,1008.0,116.0,1593.0,983.0,16.1,34.5,0.6262
2.7,1287.0,169.0,12.8,1078.0,163.0,949.0,123.0,1660.0,1061.0,16.3,35.7,0.656
2.9,1353.0,185.0,14.2,1122.0,190.0,922.0,126.0,1740.0,1139.0,15.8,37.0,0.661
2.8,1309.0,165.0,12.7,1073.0,178.0,954.0,120.0,1657.0,1112.0,15.9,37.2,0.6657
2.4,1274.0,133.0,11.7,1041.0,150.0,1006.0,119.0,1610.0,994.0,16.9,34.3,0.6549
3.9,1510.0,233.0,19.3,1277.0,206.0,812.0,149.0,1910.0,1410.0,15.1,39.6,0.6766
3.7,1525.0,242.0,18.2,1246.0,202.0,821.0,145.0,1847.0,1448.0,14.4,43.4,0.7084
6.6,1843.0,488.0,32.6,1610.0,340.0,624.0,170.0,2390.0,1887.0,12.9,50.5,0.7478
4.4,1598.0,333.0,20.1,1299.0,274.0,752.0,149.0,1941.0,1627.0,12.1,53.3,0.7536
3.5,1484.0,215.0,14.3,1127.0,253.0,839.0,139.0,1723.0,1491.0,11.0,59.1,0.774
5.4,1677.0,367.0,21.8,1346.0,300.0,741.0,134.0,2062.0,1657.0,9.7,64.6,0.7771
2.7,1280.0,122.0,9.6,964.0,193.0,963.0,113.0,1544.0,1285.0,9.5,64.1,0.7597
1.9,1196.0,67.0,7.4,873.0,139.0,1071.0,97.0,1463.0,1144.0,9.1,63.9,0.7423
1.6,1184.0,43.0,5.4,782.0,83.0,1176.0,82.0,1365.0,1043.0,8.8,63.9,0.7256
1.0,978.0,30.0,2.6,625.0,62.0,1420.0,65.0,1274.0,819.0,8.3,63.6,0.6982
1.2,1100.0,27.0,2.9,646.0,53.0,1406.0,60.0,1268.0,835.0,7.2,67.5,0.6887
1.5,1112.0,47.0,5.1,770.0,139.0,1228.0,77.0,1409.0,940.0,6.3,71.9,0.6932
2.7,1336.0,132.0,11.8,1043.0,256.0,935.0,96.0,1678.0,1192.0,6.5,71.6,0.6945
3.7,1408.0,239.0,15.1,1153.0,295.0,830.0,119.0,1777.0,1411.0,9.6,59.7,0.7124
3.2,1447.0,160.0,12.9,1081.0,250.0,869.0,126.0,1667.0,1465.0,12.4,51.2,0.7335
4.1,1542.0,283.0,16.1,1184.0,296.0,808.0,158.0,1780.0,1583.0,15.6,42.2,0.7451
3.6,1451.0,210.0,14.0,1117.0,239.0,875.0,161.0,1679.0,1387.0,18.4,33.8,0.709
2.8,1328.0,154.0,12.3,1059.0,153.0,987.0,124.0,1600.0,1101.0,19.4,31.3,0.695
2.0,1207.0,112.0,8.6,924.0,118.0,1088.0,102.0,1488.0,850.0,18.0,34.8,0.7127
2.0,1240.0,108.0,9.2,947.0,119.0,1049.0,116.0,1532.0,947.0,18.4,33.6,0.7042
2.5,1306.0,111.0,10.2,987.0,138.0,1004.0,124.0,1554.0,1078.0,17.6,35.1,0.7012
2.3,1326.0,97.0,10.6,1000.0,148.0,976.0,125.0,1602.0,1084.0,16.7,37.8,0.7117
3.2,1473.0,191.0,15.5,1163.0,227.0,831.0,148.0,1779.0,1395.0,16.1,41.0,0.7451
4.2,1609.0,258.0,19.6,1286.0,277.0,758.0,165.0,1922.0,1612.0,15.8,42.4,0.7569
4.2,1611.0,284.0,19.2,1274.0,279.0,754.0,161.0,1915.0,1697.0,15.7,44.1,0.7786
4.2,1621.0,269.0,18.3,1247.0,283.0,762.0,159.0,1860.0,1886.0,15.3,46.8,0.8091
3.1,1444.0,180.0,13.1,1089.0,214.0,844.0,143.0,1748.0,1624.0,14.6,48.6,0.806
2.6,1418.0,116.0,10.9,1010.0,172.0,892.0,130.0,1603.0,1536.0,14.7,49.3,0.8193
2.9,1534.0,93.0,11.0,1013.0,190.0,889.0,129.0,1611.0,1535.0,13.9,53.6,0.8498
2.8,1484.0,131.0,11.9,1045.0,174.0,880.0,119.0,1624.0,1530.0,14.6,51.5,0.8536
2.5,1367.0,92.0,8.6,925.0,128.0,953.0,104.0,1543.0,1337.0,12.5,58.9,0.8537
1.2,1062.0,32.0,3.7,691.0,53.0,1272.0,70.0,1377.0,929.0,11.5,63.1,0.8533
1.0,1076.0,29.0,2.5,618.0,44.0,1395.0,63.0,1333.0,872.0,11.6,62.2,0.8473
0.9,1028.0,27.0,2.4,615.0,74.0,1384.0,67.0,1340.0,853.0,10.4,67.6,0.853
1.4,1155.0,36.0,4.2,722.0,101.0,1225.0,84.0,1414.0,959.0,11.6,62.7,0.853
1.6,1235.0,57.0,6.4,828.0,118.0,1055.0,83.0,1527.0,1093.0,12.4,60.0,0.8627
2.2,1332.0,129.0,8.6,923.0,144.0,952.0,98.0,1614.0,1225.0,14.5,53.1,0.8728
2.8,1445.0,148.0,10.9,1009.0,176.0,878.0,114.0,1696.0,1355.0,16.9,46.1,0.8789
2.8,1416.0,145.0,10.7,1002.0,161.0,907.0,119.0,1677.0,1262.0,19.3,38.3,0.8474
2.0,1281.0,93.0,7.5,880.0,113.0,1084.0,104.0,1525.0,980.0,21.2,31.4,0.7812
1.8,1207.0,84.0,7.5,879.0,103.0,1104.0,102.0,1490.0,872.0,21.4,30.2,0.7616
1.9,1258.0,99.0,8.2,906.0,112.0,1081.0,107.0,1511.0,900.0,21.9,29.0,0.7525
3.0,1458.0,150.0,11.9,1045.0,170.0,974.0,129.0,1646.0,1099.0,22.2,28.4,0.7516
2.9,1438.0,156.0,12.0,1051.0,180.0,943.0,128.0,1668.0,1206.0,21.3,30.8,0.7696
2.5,1478.0,122.0,12.2,1055.0,160.0,929.0,121.0,1671.0,1262.0,19.7,36.7,0.8307
4.6,1808.0,262.0,20.6,1312.0,261.0,753.0,157.0,1993.0,1698.0,18.4,41.7,0.8732
5.9,1898.0,341.0,23.1,1381.0,325.0,681.0,173.0,2103.0,1905.0,17.6,46.1,0.921
3.4,1560.0,214.0,14.7,1140.0,217.0,784.0,146.0,1818.0,1648.0,16.7,49.6,0.932
2.1,1324.0,100.0,9.0,940.0,146.0,924.0,121.0,1587.0,1423.0,16.3,51.0,0.9341
2.2,1349.0,79.0,8.8,933.0,152.0,933.0,119.0,1617.0,1349.0,14.7,55.9,0.9314
1.8,1239.0,66.0,7.4,872.0,104.0,985.0,99.0,1547.0,1250.0,14.8,54.7,0.9164
1.8,1239.0,73.0,6.9,853.0,106.0,1010.0,93.0,1543.0,1174.0,14.0,57.0,0.9094
1.8,1224.0,66.0,7.0,855.0,108.0,998.0,88.0,1566.0,1149.0,13.4,61.3,0.9361
1.0,1075.0,39.0,3.9,703.0,88.0,1156.0,74.0,1464.0,1010.0,11.9,67.4,0.9375
1.4,1157.0,51.0,6.4,830.0,138.0,1030.0,80.0,1584.0,1083.0,11.4,70.5,0.9475
2.2,1314.0,107.0,9.7,966.0,228.0,897.0,89.0,1710.0,1235.0,11.3,70.2,0.9401
5.5,1797.0,336.0,25.9,1451.0,360.0,652.0,114.0,2323.0,1680.0,12.4,63.9,0.917
8.1,1961.0,618.0,36.7,1701.0,478.0,537.0,149.0,2665.0,2184.0,14.8,54.3,0.9076
5.8,1771.0,438.0,26.6,1470.0,394.0,622.0,157.0,2262.0,1973.0,17.4,45.6,0.8993
4.2,1564.0,334.0,20.1,1300.0,319.0,710.0,155.0,2029.0,1798.0,19.8,38.5,0.8801
3.1,1430.0,221.0,14.1,1120.0,201.0,831.0,134.0,1783.0,1522.0,22.0,34.1,0.8904
2.9,1417.0,207.0,14.9,1146.0,171.0,830.0,119.0,1831.0,1404.0,23.3,32.2,0.9096
2.9,1400.0,191.0,15.4,1162.0,159.0,838.0,111.0,1829.0,1263.0,23.9,30.0,0.8757
2.5,1317.0,185.0,12.1,1053.0,153.0,926.0,104.0,1707.0,1137.0,24.4,28.9,0.8736
2.3,1318.0,141.0,11.5,1033.0,143.0,950.0,99.0,1675.0,1068.0,24.4,29.4,0.8848
2.8,1445.0,214.0,14.8,1141.0,156.0,857.0,110.0,1824.0,1252.0,23.8,31.3,0.9137
6.1,1917.0,471.0,32.1,1601.0,314.0,631.0,162.0,2447.0,1843.0,22.5,35.4,0.9547
8.0,2040.0,685.0,39.2,1754.0,404.0,542.0,187.0,2679.0,2122.0,20.4,42.5,1.0086
6.5,1895.0,538.0,31.0,1573.0,320.0,565.0,165.0,2443.0,1992.0,18.3,52.6,1.0945
4.2,1595.0,319.0,19.9,1294.0,256.0,678.0,145.0,2058.0,1707.0,16.7,57.4,1.0786
3.2,1439.0,224.0,15.3,1159.0,193.0,764.0,125.0,1856.0,1494.0,15.7,60.2,1.0654
1.4,1142.0,67.0,6.9,852.0,89.0,1008.0,101.0,1547.0,1164.0,15.3,61.4,1.058
2.1,1304.0,155.0,11.1,1019.0,127.0,852.0,103.0,1731.0,1272.0,14.1,65.7,1.0494
1.2,1074.0,49.0,5.4,784.0,79.0,1098.0,88.0,1483.0,1040.0,14.8,60.6,1.0148
0.8,968.0,29.0,2.8,640.0,43.0,1320.0,61.0,1386.0,867.0,14.8,59.2,0.9879
0.6,937.0,17.0,2.0,585.0,38.0,1412.0,52.0,1348.0,793.0,12.8,63.2,0.9283
0.9,1017.0,27.0,3.5,681.0,82.0,1246.0,64.0,1418.0,870.0,11.2,68.5,0.9081
1.3,1171.0,50.0,5.1,770.0,99.0,1162.0,70.0,1467.0,930.0,11.0,66.5,0.8705
3.4,1541.0,218.0,16.2,1185.0,263.0,770.0,97.0,1889.0,1407.0,11.7,63.7,0.8719
3.7,1539.0,285.0,19.7,1287.0,229.0,698.0,95.0,2055.0,1507.0,13.6,56.3,0.8743
5.3,1735.0,437.0,25.1,1431.0,396.0,628.0,150.0,2211.0,1843.0,17.8,42.9,0.8672
4.1,1571.0,327.0,20.0,1297.0,314.0,730.0,162.0,1973.0,1729.0,21.4,33.3,0.8417
3.3,1452.0,283.0,18.3,1250.0,217.0,776.0,154.0,1868.0,1583.0,24.4,27.4,0.8231
4.0,1579.0,366.0,22.3,1359.0,252.0,724.0,161.0,1998.0,1671.0,25.3,26.1,0.8264
3.8,1466.0,318.0,20.4,1309.0,263.0,773.0,161.0,1897.0,1491.0,25.8,23.2,0.7589
2.8,1280.0,228.0,14.6,1136.0,180.0,893.0,128.0,1675.0,1240.0,27.0,20.2,0.7094
2.9,1407.0,201.0,16.6,1197.0,184.0,905.0,129.0,1759.0,1313.0,28.2,18.6,0.7014
2.9,1389.0,199.0,15.8,1173.0,190.0,898.0,133.0,1739.0,1363.0,28.0,19.1,0.7098
3.4,1447.0,237.0,17.8,1235.0,184.0,859.0,139.0,1778.0,1296.0,23.9,25.7,0.7519
3.9,1551.0,261.0,19.1,1271.0,181.0,800.0,137.0,1875.0,1432.0,21.3,34.8,0.873
3.2,1474.0,230.0,15.8,1173.0,166.0,854.0,143.0,1776.0,1432.0,20.4,36.7,0.8704
5.1,1800.0,349.0,24.9,1426.0,317.0,700.0,177.0,2106.0,2034.0,19.0,41.3,0.9007
2.6,1379.0,183.0,13.5,1101.0,184.0,818.0,138.0,1710.0,1602.0,17.9,45.9,0.9342
1.7,1201.0,88.0,9.1,943.0,130.0,935.0,117.0,1560.0,1362.0,16.7,48.9,0.9226
1.7,1205.0,85.0,8.6,925.0,132.0,922.0,107.0,1547.0,1314.0,15.5,52.9,0.9271
1.2,1072.0,47.0,5.4,784.0,95.0,1066.0,90.0,1442.0,1114.0,15.5,51.9,0.9059
0.9,998.0,34.0,4.1,714.0,70.0,1169.0,79.0,1383.0,992.0,14.1,55.6,0.891
0.5,869.0,11.0,1.6,554.0,28.0,1460.0,40.0,1268.0,667.0,11.8,58.0,0.8026
0.5,891.0,18.0,1.9,576.0,46.0,1417.0,53.0,1289.0,733.0,11.9,57.4,0.7978
1.6,1173.0,84.0,7.5,878.0,160.0,1038.0,84.0,1556.0,1052.0,9.9,65.2,0.7956
4.1,1587.0,260.0,21.4,1334.0,320.0,702.0,108.0,1999.0,1534.0,11.1,60.2,0.7958
6.6,1852.0,534.0,36.4,1696.0,377.0,553.0,127.0,2535.0,1931.0,14.1,50.0,0.802
4.3,1522.0,368.0,21.3,1331.0,280.0,703.0,134.0,2026.0,1734.0,17.7,40.1,0.8048
2.9,1438.0,200.0,15.4,1161.0,221.0,819.0,135.0,1782.0,1595.0,21.1,33.4,0.8265
2.5,1393.0,145.0,12.5,1067.0,210.0,905.0,142.0,1654.0,1490.0,24.3,28.3,0.8471
2.8,1452.0,188.0,15.1,1152.0,204.0,861.0,153.0,1747.0,1508.0,25.6,25.6,0.8254
2.6,1389.0,152.0,13.7,1108.0,161.0,887.0,123.0,1712.0,1334.0,25.9,25.9,0.8503
2.0,1207.0,103.0,10.4,994.0,135.0,1013.0,104.0,1520.0,1045.0,26.8,18.7,0.65
2.9,1365.0,193.0,15.2,1154.0,186.0,940.0,129.0,1679.0,1221.0,29.3,15.8,0.6309
2.5,1247.0,134.0,12.3,1060.0,147.0,1032.0,114.0,1525.0,1069.0,28.5,14.9,0.5708
5.0,1557.0,386.0,27.0,1478.0,299.0,793.0,158.0,1981.0,1569.0,25.9,16.0,0.5237
7.6,1973.0,577.0,38.4,1737.0,411.0,617.0,194.0,2414.0,2306.0,23.1,26.5,0.7403
6.7,1975.0,523.0,35.1,1667.0,347.0,597.0,182.0,2416.0,2359.0,20.5,38.2,0.9133
5.7,1795.0,472.0,27.2,1485.0,336.0,653.0,180.0,2174.0,2050.0,19.1,42.6,0.9294
2.8,1444.0,206.0,15.0,1150.0,202.0,770.0,136.0,1727.0,1727.0,17.2,44.1,0.8558
2.6,1488.0,216.0,15.7,1171.0,178.0,731.0,127.0,1778.0,1705.0,16.0,50.9,0.9206
2.3,1371.0,159.0,13.0,1083.0,154.0,796.0,116.0,1669.0,1551.0,14.8,53.9,0.9024
1.4,1161.0,70.0,8.1,904.0,92.0,947.0,107.0,1502.0,1240.0,14.3,55.4,0.8975
1.0,1064.0,44.0,5.5,787.0,61.0,1057.0,88.0,1407.0,1115.0,14.8,52.1,0.8686
0.6,931.0,20.0,2.5,623.0,37.0,1293.0,57.0,1307.0,828.0,12.0,58.9,0.8233
0.7,938.0,26.0,3.0,650.0,68.0,1251.0,71.0,1333.0,893.0,10.9,62.1,0.8113
1.5,1166.0,78.0,7.7,885.0,139.0,1005.0,85.0,1551.0,1075.0,10.6,63.3,0.8067
4.7,1643.0,319.0,23.3,1384.0,339.0,667.0,124.0,2094.0,1610.0,11.5,60.0,0.8117
6.6,1934.0,506.0,35.8,1682.0,421.0,541.0,151.0,2468.0,2051.0,14.3,50.6,0.8186
2.3,1076.0,451.0,11.6,1034.0,150.0,964.0,101.0,1544.0,813.0,21.3,24.2,0.606
2.6,1152.0,185.0,12.4,1062.0,138.0,928.0,103.0,1606.0,850.0,20.2,28.5,0.6682
3.8,1407.0,426.0,18.3,1249.0,213.0,720.0,129.0,1932.0,1276.0,17.0,43.1,0.8264
4.4,1438.0,672.0,21.0,1325.0,232.0,678.0,143.0,1993.0,1401.0,15.6,47.4,0.8347
4.5,1425.0,624.0,21.0,1325.0,238.0,678.0,146.0,1965.0,1356.0,15.3,47.4,0.8178
3.3,1279.0,325.0,14.5,1131.0,180.0,775.0,124.0,1758.0,1243.0,14.5,49.7,0.8177
2.0,1132.0,143.0,8.4,916.0,128.0,920.0,113.0,1561.0,1083.0,13.9,52.0,0.8231
1.1,1006.0,89.0,4.3,729.0,65.0,1142.0,80.0,1370.0,795.0,14.5,49.4,0.8106
0.9,982.0,73.0,3.8,700.0,53.0,1204.0,72.0,1359.0,735.0,13.8,51.4,0.8071
0.8,969.0,48.0,2.7,636.0,47.0,1271.0,64.0,1309.0,684.0,14.0,51.3,0.8163
0.7,941.0,47.0,2.5,621.0,51.0,1298.0,70.0,1330.0,714.0,13.0,56.8,0.8444
0.3,834.0,19.0,0.6,459.0,13.0,1908.0,22.0,1212.0,361.0,8.8,80.5,0.9147
0.5,909.0,26.0,1.8,567.0,33.0,1542.0,47.0,1287.0,418.0,9.6,75.4,0.9004
1.1,1061.0,60.0,4.6,745.0,103.0,1178.0,88.0,1429.0,616.0,9.8,75.0,0.9093
3.0,1441.0,248.0,14.2,1124.0,224.0,851.0,130.0,1829.0,1089.0,10.0,74.2,0.9117
3.8,1498.0,535.0,21.0,1325.0,244.0,684.0,132.0,2095.0,1329.0,11.2,69.7,0.9232
3.4,1343.0,340.0,16.2,1185.0,237.0,760.0,132.0,1857.0,1311.0,12.0,62.9,0.8803
3.0,1308.0,325.0,15.5,1166.0,220.0,792.0,131.0,1794.0,1236.0,12.8,55.8,0.821
2.7,1209.0,267.0,13.4,1097.0,207.0,837.0,129.0,1746.0,1147.0,13.1,54.8,0.8234
3.5,1310.0,325.0,16.9,1207.0,208.0,770.0,132.0,1847.0,1301.0,13.8,53.4,0.8351
2.8,1171.0,268.0,12.4,1064.0,160.0,881.0,110.0,1639.0,1097.0,16.0,42.4,0.7674
1.9,1112.0,136.0,10.1,980.0,131.0,924.0,99.0,1589.0,900.0,14.1,49.8,0.7971
2.0,1132.0,118.0,8.7,927.0,128.0,944.0,100.0,1570.0,781.0,12.0,61.1,0.8537
3.0,1225.0,276.0,13.8,1111.0,176.0,818.0,122.0,1719.0,1013.0,13.6,54.6,0.8465
1.9,1065.0,151.0,9.3,953.0,107.0,962.0,97.0,1514.0,790.0,13.7,49.5,0.7695
2.7,1236.0,236.0,13.0,1084.0,131.0,854.0,112.0,1688.0,1059.0,11.7,57.1,0.7822
3.3,1309.0,220.0,14.3,1126.0,166.0,812.0,128.0,1722.0,1205.0,11.5,58.2,0.7867
1.7,1089.0,87.0,7.6,884.0,89.0,1006.0,101.0,1487.0,975.0,12.6,54.2,0.7881
1.3,1000.0,81.0,5.3,776.0,81.0,1141.0,96.0,1375.0,896.0,12.0,54.9,0.7664
1.3,1041.0,74.0,5.4,782.0,78.0,1105.0,86.0,1425.0,911.0,11.0,61.4,0.8057
1.2,1045.0,55.0,4.9,756.0,70.0,1137.0,85.0,1411.0,902.0,11.1,62.2,0.8199
1.1,997.0,74.0,4.6,744.0,76.0,1151.0,79.0,1405.0,832.0,10.8,62.5,0.8082
0.9,948.0,35.0,2.7,634.0,43.0,1320.0,61.0,1326.0,715.0,11.3,60.0,0.8025
0.6,892.0,20.0,1.2,522.0,34.0,1572.0,54.0,1255.0,648.0,10.9,58.6,0.7628
0.8,954.0,32.0,1.7,561.0,43.0,1496.0,57.0,1255.0,612.0,10.8,57.2,0.7382
1.2,1045.0,84.0,4.8,751.0,79.0,1186.0,75.0,1403.0,800.0,10.4,59.2,0.7455
3.1,1383.0,245.0,13.8,1109.0,174.0,832.0,97.0,1706.0,1173.0,11.0,57.3,0.7501
4.4,1597.0,553.0,23.7,1395.0,235.0,652.0,110.0,2080.0,1519.0,11.2,56.9,0.7565
3.4,1318.0,450.0,14.2,1124.0,218.0,762.0,113.0,1770.0,1287.0,12.1,54.9,0.7734
1.7,1138.0,118.0,8.0,898.0,136.0,950.0,88.0,1505.0,966.0,15.1,44.3,0.7535
1.5,1098.0,118.0,6.7,842.0,117.0,1012.0,85.0,1440.0,828.0,15.6,40.6,0.7146
1.7,1118.0,144.0,8.7,927.0,119.0,959.0,96.0,1477.0,825.0,16.9,34.6,0.6597
2.2,1170.0,159.0,10.8,1009.0,126.0,879.0,106.0,1566.0,872.0,16.6,35.6,0.6697
2.7,1390.0,230.0,11.4,1028.0,197.0,829.0,126.0,1730.0,1002.0,9.6,81.1,0.972
2.8,1353.0,320.0,13.4,1096.0,195.0,774.0,130.0,1783.0,1159.0,11.7,69.1,0.9497
2.7,1260.0,263.0,12.0,1050.0,156.0,828.0,111.0,1722.0,979.0,10.7,68.5,0.8794
4.5,1501.0,556.0,20.2,1302.0,247.0,681.0,134.0,2008.0,1311.0,10.7,67.3,0.8643
3.5,1273.0,458.0,14.4,1130.0,190.0,795.0,136.0,1744.0,1071.0,10.8,65.7,0.8486
2.6,1179.0,214.0,9.4,955.0,169.0,928.0,125.0,1571.0,899.0,10.3,66.3,0.8336
1.7,1047.0,97.0,5.9,809.0,118.0,1064.0,108.0,1435.0,766.0,10.1,66.9,0.8248
1.3,973.0,79.0,4.5,739.0,81.0,1186.0,87.0,1354.0,589.0,10.4,61.1,0.7717
1.3,997.0,81.0,4.5,737.0,80.0,1168.0,89.0,1341.0,631.0,10.3,59.9,0.7516
1.0,970.0,52.0,2.5,621.0,42.0,1400.0,58.0,1249.0,479.0,11.0,58.4,0.7686
0.7,902.0,38.0,1.8,568.0,38.0,1450.0,54.0,1253.0,479.0,9.1,68.1,0.789
0.5,858.0,29.0,0.9,490.0,18.0,1707.0,28.0,1212.0,378.0,9.3,72.3,0.8496
0.5,878.0,21.0,0.6,457.0,12.0,1935.0,20.0,1158.0,344.0,9.9,66.8,0.8152
0.6,893.0,46.0,1.4,540.0,43.0,1604.0,51.0,1268.0,413.0,7.6,83.2,0.8695
1.1,1038.0,55.0,3.8,697.0,84.0,1260.0,82.0,1383.0,605.0,8.1,79.0,0.8544
2.7,1320.0,271.0,11.6,1035.0,184.0,902.0,112.0,1721.0,991.0,8.7,74.6,0.8429
3.5,1353.0,434.0,17.8,1235.0,202.0,740.0,119.0,1937.0,1175.0,8.6,75.1,0.8415
2.3,1133.0,300.0,8.8,933.0,133.0,969.0,99.0,1552.0,923.0,9.7,69.7,0.8389
1.6,1066.0,116.0,6.8,849.0,130.0,1039.0,98.0,1468.0,829.0,11.0,64.4,0.8447
1.3,1027.0,95.0,5.9,809.0,106.0,1081.0,88.0,1442.0,733.0,13.6,53.0,0.8209
2.0,1106.0,211.0,8.9,935.0,132.0,958.0,96.0,1570.0,819.0,14.2,48.4,0.778
1.9,1038.0,168.0,8.2,907.0,106.0,976.0,81.0,1492.0,723.0,14.2,46.3,0.7438
1.9,1084.0,154.0,8.6,924.0,125.0,986.0,92.0,1501.0,786.0,16.0,41.3,0.7462
2.2,1105.0,267.0,10.1,982.0,138.0,939.0,105.0,1545.0,850.0,17.7,35.4,0.7094
2.0,1102.0,143.0,9.4,957.0,120.0,968.0,88.0,1527.0,820.0,17.1,37.4,0.7225
2.9,1240.0,374.0,14.6,1137.0,158.0,836.0,103.0,1748.0,991.0,14.9,40.5,0.6835
5.2,1443.0,797.0,24.6,1418.0,253.0,666.0,141.0,2060.0,1454.0,13.4,47.8,0.7293
4.6,1389.0,698.0,21.6,1341.0,231.0,692.0,133.0,1982.0,1488.0,12.6,52.5,0.7642
2.5,1183.0,234.0,10.3,989.0,150.0,904.0,119.0,1539.0,1205.0,12.2,53.2,0.7555
1.5,1014.0,104.0,5.7,798.0,99.0,1083.0,106.0,1376.0,909.0,10.6,56.1,0.714
1.2,979.0,67.0,4.5,736.0,75.0,1154.0,92.0,1324.0,769.0,9.9,59.5,0.7276
1.7,1048.0,88.0,5.5,787.0,93.0,1098.0,97.0,1373.0,835.0,9.6,61.1,0.7323
1.4,1024.0,79.0,4.8,753.0,79.0,1131.0,91.0,1357.0,793.0,9.7,61.6,0.7425
1.2,974.0,61.0,3.6,690.0,67.0,1208.0,83.0,1313.0,733.0,9.4,62.6,0.7398
0.7,925.0,40.0,2.2,602.0,45.0,1398.0,59.0,1263.0,562.0,8.0,69.4,0.7459
0.8,952.0,52.0,3.0,654.0,72.0,1210.0,73.0,1312.0,832.0,7.7,72.4,0.7655
0.9,1005.0,64.0,4.0,713.0,103.0,1130.0,78.0,1363.0,924.0,8.0,71.8,0.7711
1.6,1122.0,88.0,6.7,842.0,132.0,1015.0,90.0,1438.0,974.0,8.5,66.3,0.7375
3.4,1351.0,375.0,16.7,1201.0,239.0,783.0,110.0,1828.0,1307.0,9.8,59.6,0.7214
3.8,1408.0,592.0,19.3,1278.0,275.0,682.0,114.0,1928.0,1481.0,11.2,57.0,0.7544
3.1,1304.0,357.0,14.8,1142.0,232.0,772.0,119.0,1747.0,1405.0,14.8,44.1,0.7407
2.7,1207.0,296.0,13.4,1098.0,180.0,826.0,121.0,1664.0,1195.0,16.8,35.3,0.6729
2.0,1099.0,181.0,11.0,1014.0,112.0,948.0,97.0,1503.0,868.0,19.2,27.1,0.5976
2.3,1106.0,211.0,12.5,1068.0,116.0,915.0,99.0,1535.0,874.0,19.1,26.2,0.5741
1.9,1009.0,199.0,8.4,916.0,103.0,1015.0,85.0,1391.0,738.0,16.3,30.8,0.5683
1.3,962.0,81.0,5.3,776.0,89.0,1152.0,75.0,1279.0,550.0,14.2,36.8,0.5922
1.9,1093.0,143.0,8.8,933.0,112.0,976.0,87.0,1454.0,777.0,13.4,41.0,0.6292
2.3,1180.0,247.0,11.2,1023.0,127.0,886.0,102.0,1588.0,966.0,14.2,43.3,0.6982
2.4,1168.0,239.0,11.6,1037.0,125.0,868.0,105.0,1580.0,990.0,12.1,45.6,0.6403
2.7,1168.0,267.0,12.4,1063.0,120.0,876.0,98.0,1540.0,944.0,10.4,48.0,0.6046
2.6,1140.0,261.0,10.6,1000.0,120.0,916.0,93.0,1490.0,962.0,10.0,51.1,0.628
1.5,1001.0,97.0,6.0,811.0,99.0,1097.0,91.0,1308.0,778.0,9.8,50.8,0.6172
1.2,953.0,66.0,4.6,743.0,79.0,1185.0,85.0,1252.0,690.0,9.7,50.4,0.6063
1.1,972.0,60.0,4.1,715.0,66.0,1237.0,74.0,1258.0,644.0,9.9,50.2,0.6103
1.5,1021.0,77.0,5.2,776.0,94.0,1144.0,87.0,1307.0,753.0,9.4,53.4,0.63
1.0,940.0,57.0,3.2,664.0,70.0,1290.0,79.0,1232.0,646.0,8.6,57.8,0.6488
1.2,1046.0,65.0,4.5,736.0,75.0,1142.0,78.0,1312.0,838.0,8.1,62.1,0.6746
0.8,915.0,27.0,1.9,578.0,32.0,1417.0,48.0,1212.0,665.0,8.2,58.9,0.6444
0.9,935.0,25.0,2.4,615.0,54.0,1373.0,59.0,1250.0,717.0,6.3,66.6,0.641
1.1,976.0,42.0,3.3,669.0,68.0,1270.0,65.0,1266.0,795.0,7.2,62.9,0.6396
1.5,1124.0,78.0,6.7,842.0,98.0,1050.0,71.0,1418.0,936.0,7.2,63.9,0.65
1.8,1163.0,128.0,8.5,919.0,128.0,922.0,84.0,1530.0,1076.0,11.1,50.5,0.6654
2.1,1167.0,184.0,9.7,966.0,129.0,942.0,93.0,1520.0,1016.0,15.5,36.1,0.6313
2.1,1121.0,156.0,9.4,955.0,130.0,992.0,99.0,1451.0,834.0,17.8,29.2,0.592
1.9,1071.0,176.0,9.0,940.0,111.0,994.0,93.0,1449.0,756.0,17.6,30.1,0.6013
2.1,1065.0,232.0,10.0,979.0,106.0,950.0,96.0,1467.0,766.0,19.1,26.8,0.5861
2.5,1157.0,305.0,12.6,1072.0,137.0,888.0,114.0,1596.0,905.0,17.7,28.6,0.5735
1.9,1046.0,150.0,7.6,883.0,113.0,1051.0,101.0,1357.0,765.0,17.8,28.4,0.5737
2.2,1147.0,188.0,11.8,1042.0,122.0,934.0,108.0,1538.0,830.0,18.7,26.0,0.5555
2.3,1119.0,221.0,11.2,1022.0,137.0,916.0,117.0,1508.0,853.0,17.1,31.3,0.6038
2.7,1210.0,219.0,12.4,1062.0,165.0,886.0,125.0,1586.0,981.0,15.8,36.1,0.644
3.0,1306.0,306.0,12.9,1079.0,196.0,827.0,133.0,1621.0,1286.0,14.7,40.1,0.6657
2.8,1258.0,270.0,12.2,1057.0,174.0,841.0,119.0,1633.0,1244.0,13.6,44.9,0.6991
2.2,1148.0,231.0,8.8,930.0,140.0,948.0,107.0,1475.0,1056.0,12.5,48.1,0.6946
1.6,1108.0,125.0,6.8,848.0,102.0,1023.0,96.0,1421.0,1003.0,11.8,50.8,0.7042
2.1,1231.0,122.0,8.6,924.0,130.0,906.0,105.0,1483.0,1245.0,10.9,56.1,0.7326
2.3,1293.0,161.0,8.9,937.0,121.0,930.0,102.0,1464.0,1200.0,10.9,55.9,0.7277
2.3,1274.0,101.0,8.3,912.0,111.0,939.0,97.0,1451.0,1188.0,10.3,58.1,0.7278
1.7,1135.0,95.0,6.3,827.0,87.0,1013.0,79.0,1395.0,1070.0,9.3,62.2,0.7294
1.3,1010.0,96.0,5.1,769.0,77.0,1110.0,69.0,1396.0,895.0,8.3,64.9,0.7124
0.8,870.0,54.0,2.6,626.0,39.0,1325.0,52.0,1284.0,755.0,9.6,58.5,0.7
1.1,983.0,63.0,3.6,688.0,77.0,1251.0,62.0,1342.0,806.0,7.7,66.4,0.699
1.4,995.0,72.0,3.6,691.0,91.0,1219.0,69.0,1321.0,836.0,7.4,68.0,0.7043
1.3,1024.0,91.0,4.7,747.0,105.0,1136.0,75.0,1382.0,897.0,9.7,58.6,0.7035
1.9,1163.0,127.0,7.5,880.0,133.0,959.0,83.0,1486.0,1073.0,12.5,50.1,0.7242
2.3,1218.0,193.0,9.0,938.0,128.0,918.0,94.0,1501.0,1088.0,16.8,36.9,0.7018
2.3,1210.0,188.0,9.5,958.0,126.0,933.0,96.0,1514.0,1036.0,19.2,31.3,0.6887
1.8,1114.0,151.0,7.7,887.0,92.0,1020.0,86.0,1438.0,768.0,21.3,26.4,0.6607
1.4,995.0,103.0,5.7,796.0,66.0,1159.0,72.0,1287.0,587.0,21.2,23.1,0.5768
1.0,927.0,55.0,3.8,700.0,50.0,1285.0,53.0,1189.0,452.0,18.6,25.0,0.5319
1.4,1002.0,104.0,4.8,754.0,70.0,1189.0,65.0,1260.0,470.0,18.0,27.3,0.5594
1.3,987.0,116.0,4.3,727.0,73.0,1213.0,70.0,1244.0,502.0,18.2,28.3,0.5848
1.3,993.0,93.0,4.1,714.0,77.0,1217.0,75.0,1238.0,516.0,17.0,31.4,0.6048
1.4,1012.0,93.0,4.7,746.0,86.0,1174.0,86.0,1301.0,555.0,15.6,35.0,0.617
1.9,1114.0,155.0,6.2,823.0,93.0,1068.0,94.0,1357.0,671.0,14.1,40.2,0.6438
1.8,1093.0,115.0,5.5,789.0,105.0,1102.0,103.0,1329.0,788.0,13.4,43.2,0.6623
1.1,968.0,75.0,3.3,669.0,67.0,1261.0,81.0,1246.0,538.0,12.3,46.8,0.6686
1.1,960.0,65.0,3.2,666.0,63.0,1266.0,80.0,1224.0,544.0,11.9,46.5,0.6449
1.1,942.0,57.0,2.9,648.0,63.0,1300.0,77.0,1204.0,500.0,11.5,46.6,0.6319
0.9,888.0,40.0,2.2,598.0,46.0,1396.0,58.0,1156.0,417.0,10.6,48.0,0.6135
0.6,818.0,27.0,1.3,524.0,21.0,1588.0,31.0,1071.0,341.0,10.7,45.8,0.5895
0.5,840.0,23.0,1.1,509.0,22.0,1643.0,38.0,1076.0,352.0,10.4,46.6,0.5901
0.6,864.0,21.0,1.2,516.0,39.0,1496.0,59.0,1153.0,502.0,11.3,46.9,0.628
0.7,898.0,33.0,1.7,559.0,55.0,1441.0,70.0,1180.0,648.0,10.1,51.2,0.6341
0.9,946.0,40.0,2.9,643.0,76.0,1309.0,75.0,1232.0,760.0,9.9,50.7,0.6167
2.9,1309.0,279.0,14.3,1125.0,181.0,844.0,103.0,1687.0,1183.0,8.1,56.8,0.615
4.1,1326.0,743.0,19.7,1289.0,259.0,714.0,134.0,1806.0,1431.0,10.9,44.1,0.5748
1.5,966.0,147.0,5.5,786.0,118.0,1111.0,98.0,1258.0,705.0,11.8,37.6,0.5184
1.5,975.0,97.0,5.6,793.0,119.0,1133.0,97.0,1254.0,637.0,13.9,33.2,0.5222
1.5,988.0,118.0,5.8,803.0,123.0,1105.0,98.0,1293.0,658.0,15.6,30.1,0.5285
1.4,971.0,91.0,5.5,786.0,92.0,1129.0,78.0,1272.0,546.0,16.5,29.0,0.5406
1.6,1010.0,146.0,6.5,833.0,91.0,1070.0,83.0,1332.0,561.0,17.5,27.9,0.5517
1.5,984.0,139.0,5.5,790.0,103.0,1131.0,92.0,1268.0,532.0,17.9,26.8,0.5446
1.4,962.0,155.0,5.2,776.0,102.0,1131.0,81.0,1247.0,535.0,18.2,26.1,0.5387
1.5,1012.0,128.0,5.8,801.0,94.0,1098.0,90.0,1289.0,525.0,18.0,27.1,0.5522
1.9,1058.0,166.0,7.9,896.0,98.0,996.0,95.0,1358.0,603.0,17.0,28.9,0.5558
2.5,1173.0,299.0,10.2,985.0,126.0,905.0,114.0,1477.0,802.0,16.1,31.3,0.568
2.1,1127.0,163.0,8.2,907.0,108.0,957.0,106.0,1404.0,796.0,14.5,35.4,0.5839
1.6,1020.0,154.0,5.7,797.0,95.0,1066.0,99.0,1302.0,689.0,13.2,37.9,0.5733
1.2,949.0,80.0,3.8,700.0,78.0,1221.0,90.0,1178.0,553.0,13.1,34.4,0.517
1.1,930.0,58.0,4.0,710.0,61.0,1278.0,82.0,1137.0,509.0,13.5,28.5,0.4405
1.0,900.0,55.0,2.8,643.0,55.0,1339.0,74.0,1089.0,455.0,12.4,31.9,0.4583
1.0,899.0,33.0,2.6,630.0,57.0,1418.0,76.0,1050.0,425.0,13.1,26.8,0.4023
0.7,866.0,33.0,1.8,569.0,41.0,1468.0,66.0,1055.0,436.0,11.6,33.6,0.4595
0.7,900.0,32.0,1.7,563.0,46.0,1402.0,73.0,1130.0,618.0,10.5,42.9,0.5442
0.7,956.0,26.0,2.3,605.0,52.0,1341.0,71.0,1117.0,691.0,12.9,33.9,0.5037
1.1,1054.0,86.0,5.3,779.0,111.0,1080.0,98.0,1266.0,1013.0,11.3,40.3,0.5376
2.6,1343.0,294.0,13.4,1096.0,191.0,839.0,115.0,1587.0,1311.0,11.9,38.4,0.5341
4.0,1584.0,664.0,23.8,1399.0,244.0,642.0,130.0,1947.0,1675.0,13.3,35.6,0.5416
4.2,1556.0,695.0,21.5,1337.0,283.0,674.0,150.0,1852.0,1689.0,16.3,28.8,0.5305
4.7,1565.0,735.0,21.0,1324.0,320.0,695.0,159.0,1872.0,1688.0,17.9,28.2,0.5741
3.9,1429.0,649.0,18.4,1251.0,249.0,734.0,146.0,1754.0,1548.0,18.3,26.6,0.5529
3.7,1419.0,586.0,18.9,1267.0,219.0,742.0,138.0,1763.0,1490.0,20.8,22.5,0.5463
3.4,1373.0,546.0,17.1,1213.0,200.0,791.0,128.0,1711.0,1354.0,22.4,20.0,0.5352
2.2,1185.0,245.0,10.4,992.0,138.0,942.0,97.0,1448.0,1014.0,20.9,21.7,0.5295
1.9,1122.0,178.0,8.0,897.0,118.0,991.0,91.0,1372.0,831.0,19.1,26.5,0.579
1.6,1085.0,130.0,6.2,820.0,99.0,1060.0,81.0,1325.0,699.0,18.1,30.6,0.6295
2.1,1249.0,151.0,9.7,968.0,112.0,874.0,99.0,1527.0,926.0,17.3,34.7,0.6788
2.2,1236.0,272.0,9.6,962.0,117.0,853.0,101.0,1532.0,928.0,15.8,40.4,0.7228
2.7,1334.0,301.0,11.9,1047.0,129.0,815.0,106.0,1638.0,1038.0,15.9,42.0,0.7541
2.4,1264.0,237.0,8.7,928.0,132.0,884.0,102.0,1534.0,1035.0,15.9,43.5,0.779
1.3,1073.0,95.0,4.7,746.0,73.0,1072.0,84.0,1360.0,789.0,15.0,46.1,0.7833
1.2,1053.0,68.0,3.8,701.0,68.0,1147.0,81.0,1323.0,692.0,15.1,44.6,0.7574
1.5,1098.0,101.0,4.7,747.0,80.0,1094.0,91.0,1360.0,764.0,14.9,43.5,0.7302
1.3,1029.0,81.0,3.8,702.0,68.0,1180.0,82.0,1287.0,639.0,14.8,41.0,0.685
1.0,973.0,50.0,2.7,631.0,44.0,1287.0,64.0,1240.0,541.0,14.8,40.8,0.6814
0.9,972.0,66.0,2.8,639.0,47.0,1222.0,70.0,1256.0,678.0,14.8,40.8,0.6834
0.5,851.0,18.0,0.8,477.0,15.0,1699.0,26.0,1064.0,343.0,14.5,36.1,0.5928
0.6,909.0,31.0,1.5,545.0,44.0,1473.0,58.0,1131.0,436.0,14.6,36.0,0.5947
1.0,1038.0,57.0,3.5,684.0,85.0,1220.0,93.0,1279.0,688.0,14.4,38.5,0.6291
3.1,1636.0,342.0,15.6,1168.0,207.0,721.0,110.0,1926.0,1438.0,13.8,58.2,0.9129
4.1,1580.0,644.0,19.9,1295.0,230.0,639.0,115.0,1957.0,1489.0,13.2,61.1,0.9256
2.2,1262.0,216.0,8.6,924.0,181.0,872.0,125.0,1576.0,1093.0,10.4,74.4,0.9384
1.7,1197.0,117.0,6.5,837.0,144.0,957.0,118.0,1498.0,965.0,11.5,71.0,0.9582
1.9,1277.0,156.0,7.7,886.0,140.0,902.0,109.0,1579.0,1004.0,12.2,70.0,0.9924
2.9,1430.0,332.0,11.3,1025.0,204.0,779.0,123.0,1772.0,1166.0,12.3,73.3,1.0442
2.2,1242.0,232.0,9.1,944.0,149.0,846.0,114.0,1638.0,991.0,11.3,78.1,1.0411
2.6,1349.0,295.0,11.2,1023.0,171.0,804.0,114.0,1748.0,1054.0,13.6,69.2,1.0746
3.1,1390.0,386.0,13.5,1100.0,195.0,755.0,119.0,1799.0,1192.0,14.9,59.3,0.9974
2.3,1224.0,278.0,10.1,980.0,152.0,850.0,111.0,1637.0,1055.0,15.7,50.9,0.8997
2.4,1253.0,263.0,11.3,1026.0,128.0,810.0,103.0,1681.0,1048.0,15.2,52.9,0.9087
2.8,1312.0,322.0,11.8,1041.0,121.0,821.0,103.0,1712.0,1073.0,15.5,50.8,0.8881
2.7,1254.0,226.0,11.5,1033.0,142.0,819.0,107.0,1669.0,1068.0,14.3,52.9,0.8581
2.3,1198.0,221.0,9.3,953.0,131.0,882.0,105.0,1588.0,1019.0,13.2,56.0,0.8446
1.5,1060.0,109.0,5.5,787.0,81.0,1044.0,91.0,1418.0,833.0,12.6,57.0,0.8315
1.4,1050.0,105.0,5.1,769.0,60.0,1078.0,79.0,1409.0,759.0,12.3,57.8,0.8224
1.2,1029.0,84.0,4.8,754.0,57.0,1098.0,79.0,1395.0,749.0,12.0,58.4,0.8164
1.6,1143.0,106.0,6.3,825.0,96.0,986.0,86.0,1477.0,978.0,12.0,61.6,0.8593
1.2,1044.0,100.0,5.1,770.0,85.0,1031.0,70.0,1425.0,944.0,11.5,63.9,0.8652
1.1,1034.0,71.0,4.1,716.0,50.0,1085.0,55.0,1405.0,891.0,10.7,67.2,0.863
0.7,909.0,44.0,2.4,615.0,57.0,1237.0,49.0,1322.0,790.0,10.2,66.6,0.8299
0.9,996.0,45.0,2.9,648.0,64.0,1176.0,50.0,1340.0,852.0,11.0,63.7,0.8325
1.7,1154.0,134.0,7.4,876.0,153.0,1002.0,67.0,1561.0,987.0,9.6,68.8,0.8243
4.2,1510.0,505.0,19.8,1291.0,342.0,675.0,94.0,1949.0,1435.0,9.5,69.6,0.8273
6.2,1722.0,1042.0,31.9,1595.0,378.0,539.0,119.0,2439.0,1798.0,11.9,60.9,0.8455
4.6,1512.0,737.0,21.0,1323.0,304.0,631.0,139.0,2001.0,1677.0,16.2,48.6,0.8892
2.8,1258.0,375.0,11.7,1040.0,192.0,800.0,113.0,1701.0,1282.0,19.2,39.6,0.8693
1.6,1094.0,124.0,6.8,850.0,130.0,970.0,88.0,1489.0,871.0,19.7,38.4,0.8743
1.7,1129.0,137.0,7.4,875.0,106.0,974.0,73.0,1524.0,759.0,20.6,36.7,0.8797
1.7,1125.0,179.0,8.6,924.0,102.0,937.0,73.0,1542.0,790.0,21.8,33.9,0.8771
3.3,1308.0,388.0,16.4,1193.0,163.0,793.0,106.0,1193.0,1187.0,23.6,27.5,0.7913
4.2,1529.0,589.0,21.2,1331.0,211.0,700.0,132.0,2028.0,1399.0,22.8,32.1,0.8814
5.5,1592.0,840.0,25.0,1429.0,267.0,624.0,164.0,2089.0,1644.0,20.8,36.7,0.8878
4.9,1536.0,655.0,20.2,1302.0,269.0,666.0,161.0,1922.0,1599.0,18.3,40.9,0.8493
2.5,1192.0,254.0,10.8,1007.0,154.0,827.0,124.0,1604.0,1223.0,16.8,44.0,0.8341
2.0,1186.0,188.0,9.9,976.0,127.0,844.0,113.0,1570.0,1200.0,15.8,48.0,0.8569
2.0,1203.0,120.0,8.5,920.0,122.0,898.0,103.0,1529.0,1118.0,14.9,52.0,0.8757
2.0,1139.0,157.0,8.0,899.0,126.0,921.0,104.0,1514.0,1067.0,14.1,54.4,0.8701
1.3,1072.0,88.0,5.6,795.0,84.0,986.0,93.0,1442.0,1048.0,13.3,58.8,0.8922
1.0,954.0,68.0,3.2,667.0,58.0,1180.0,60.0,1350.0,718.0,13.3,60.9,0.9229
0.7,968.0,51.0,2.6,628.0,56.0,1197.0,66.0,1372.0,737.0,11.3,72.9,0.9738
1.1,1067.0,93.0,4.3,727.0,91.0,1055.0,82.0,1448.0,903.0,11.4,71.8,0.9671
2.6,1386.0,284.0,13.0,1083.0,159.0,798.0,109.0,1833.0,1159.0,11.9,73.7,1.0254
3.9,1474.0,486.0,20.3,1306.0,190.0,634.0,114.0,2060.0,1365.0,12.6,70.2,1.0221
5.0,1569.0,798.0,20.7,1316.0,249.0,634.0,139.0,2054.0,1510.0,13.6,65.3,1.0136
3.3,1375.0,524.0,15.9,1177.0,196.0,706.0,127.0,1898.0,1386.0,16.9,52.3,1.0013
2.9,1328.0,468.0,14.2,1123.0,180.0,738.0,127.0,1821.0,1368.0,19.4,44.1,0.9855
3.1,1341.0,454.0,15.9,1176.0,167.0,748.0,135.0,1825.0,1347.0,22.9,33.8,0.9322
3.0,1297.0,461.0,16.1,1183.0,159.0,765.0,130.0,1773.0,1242.0,23.6,31.3,0.9001
2.7,1303.0,391.0,14.7,1139.0,152.0,790.0,126.0,1761.0,1138.0,24.7,30.5,0.9371
2.7,1281.0,337.0,14.0,1116.0,149.0,809.0,121.0,1703.0,1080.0,26.1,27.3,0.9101
2.6,1248.0,297.0,13.6,1103.0,143.0,872.0,122.0,1632.0,1002.0,27.6,22.8,0.8288
3.7,1382.0,588.0,19.7,1288.0,185.0,778.0,138.0,1799.0,1212.0,26.9,22.3,0.7792
4.5,1491.0,721.0,23.3,1385.0,223.0,685.0,165.0,1915.0,1486.0,24.3,30.1,0.9012
4.7,1620.0,710.0,24.1,1407.0,215.0,641.0,154.0,2052.0,1567.0,21.2,40.1,0.9978
5.5,1693.0,787.0,25.4,1439.0,271.0,618.0,168.0,2083.0,1723.0,19.4,42.5,0.9483
3.0,1374.0,415.0,14.1,1121.0,180.0,771.0,146.0,1685.0,1399.0,18.5,43.0,0.9074
1.9,1287.0,245.0,10.1,982.0,115.0,841.0,124.0,1582.0,1291.0,17.8,47.0,0.9467
2.3,1408.0,294.0,12.1,1052.0,149.0,761.0,124.0,1684.0,1443.0,16.8,53.2,1.01
1.6,1254.0,139.0,9.0,941.0,98.0,828.0,106.0,1566.0,1270.0,17.1,51.8,0.999
1.3,1141.0,98.0,6.3,827.0,73.0,936.0,88.0,1488.0,1110.0,16.2,54.2,0.9933
1.2,1141.0,88.0,5.3,777.0,69.0,986.0,83.0,1455.0,1060.0,15.1,58.2,0.9886
0.8,986.0,57.0,3.0,651.0,60.0,1145.0,74.0,1380.0,891.0,14.5,58.0,0.9488
0.8,1005.0,57.0,3.3,673.0,56.0,1103.0,64.0,1387.0,905.0,13.7,61.6,0.9631
0.9,1041.0,60.0,3.5,683.0,73.0,1112.0,69.0,1398.0,899.0,13.9,59.6,0.9408
2.0,1272.0,200.0,9.5,959.0,159.0,846.0,91.0,1660.0,1136.0,13.3,61.7,0.9399
3.0,1436.0,451.0,15.2,1154.0,203.0,704.0,96.0,1872.0,1391.0,15.1,55.8,0.9486
3.1,1472.0,422.0,14.3,1126.0,211.0,720.0,106.0,1816.0,1460.0,17.0,50.5,0.9684
3.1,1461.0,424.0,14.3,1127.0,236.0,703.0,124.0,1836.0,1451.0,15.6,57.4,1.0075
3.0,1430.0,339.0,13.7,1107.0,228.0,713.0,121.0,1853.0,1409.0,16.6,55.2,1.0382
3.2,1498.0,445.0,15.7,1171.0,206.0,684.0,114.0,1942.0,1434.0,17.0,54.3,1.0434
3.1,1454.0,535.0,15.4,1162.0,188.0,682.0,114.0,1915.0,1457.0,18.0,51.5,1.0552
2.5,1402.0,278.0,12.6,1069.0,158.0,733.0,106.0,1793.0,1325.0,19.5,47.5,1.0653
2.1,1327.0,256.0,9.8,971.0,124.0,803.0,89.0,1705.0,1120.0,21.6,41.7,1.0606
2.0,1273.0,245.0,9.6,963.0,98.0,832.0,82.0,1662.0,931.0,22.2,38.3,1.0106
3.2,1457.0,458.0,16.3,1190.0,160.0,678.0,111.0,1877.0,1212.0,20.3,42.8,1.0053
4.1,1543.0,710.0,19.8,1290.0,194.0,631.0,132.0,2011.0,1353.0,19.7,45.4,1.0312
3.9,1499.0,678.0,18.0,1239.0,174.0,651.0,121.0,1957.0,1359.0,18.8,47.5,1.0199
3.1,1378.0,436.0,13.6,1102.0,157.0,742.0,116.0,1796.0,1273.0,17.9,49.4,1.0064
2.0,1243.0,178.0,8.7,928.0,109.0,852.0,100.0,1622.0,1079.0,17.5,50.9,1.009
1.7,1196.0,160.0,7.7,885.0,85.0,884.0,89.0,1589.0,973.0,17.4,51.8,1.023
1.6,1137.0,177.0,7.3,869.0,90.0,890.0,92.0,1554.0,951.0,17.0,53.9,1.0363
1.0,1015.0,101.0,4.1,718.0,61.0,1065.0,71.0,1428.0,714.0,16.6,55.4,1.0408
0.8,978.0,66.0,2.7,635.0,36.0,1188.0,51.0,1382.0,579.0,15.9,57.0,1.0224
0.5,933.0,40.0,1.5,547.0,25.0,1357.0,39.0,1336.0,542.0,15.0,59.2,1.0059
0.5,908.0,39.0,1.8,569.0,24.0,1303.0,35.0,1360.0,526.0,14.1,61.6,0.9883
0.8,980.0,62.0,3.4,677.0,73.0,1141.0,64.0,1435.0,659.0,14.6,58.8,0.9711
1.7,1236.0,120.0,8.5,920.0,164.0,880.0,94.0,1641.0,1012.0,14.4,58.9,0.9594
4.5,1664.0,599.0,24.1,1407.0,329.0,594.0,134.0,2198.0,1564.0,15.3,55.2,0.9538
6.2,1757.0,1084.0,33.7,1636.0,302.0,494.0,129.0,2560.0,1806.0,16.2,52.5,0.9576
4.4,1524.0,776.0,22.0,1350.0,256.0,588.0,125.0,2096.0,1604.0,18.4,46.3,0.9734
2.9,1329.0,470.0,14.1,1119.0,182.0,707.0,107.0,1823.0,1288.0,19.6,41.8,0.9407
1.6,1167.0,169.0,7.6,884.0,105.0,881.0,78.0,1580.0,931.0,20.2,40.1,0.937
2.6,1369.0,304.0,14.5,1132.0,136.0,715.0,91.0,1818.0,1162.0,20.9,36.6,0.8939
2.9,1284.0,405.0,13.6,1103.0,167.0,755.0,116.0,1704.0,1064.0,20.4,34.7,0.8229
2.5,1221.0,297.0,11.5,1032.0,166.0,811.0,131.0,1630.0,913.0,19.3,35.4,0.7813
1.9,1096.0,220.0,9.2,947.0,115.0,872.0,113.0,1519.0,684.0,18.6,36.9,0.7829
1.9,1143.0,226.0,10.3,988.0,109.0,849.0,98.0,1590.0,710.0,18.8,36.8,0.7883
2.7,1251.0,456.0,14.0,1116.0,143.0,760.0,116.0,1716.0,923.0,17.5,40.6,0.8068
3.0,1268.0,470.0,15.0,1148.0,159.0,728.0,120.0,1776.0,1006.0,16.8,44.3,0.8428
3.3,1314.0,503.0,15.1,1150.0,181.0,726.0,126.0,1784.0,1083.0,16.3,47.7,0.8746
3.2,1315.0,459.0,14.8,1142.0,178.0,724.0,126.0,1807.0,1161.0,15.6,50.7,0.8947
1.8,1095.0,227.0,8.5,918.0,91.0,896.0,90.0,1527.0,800.0,15.7,49.4,0.8768
1.3,1027.0,152.0,5.9,808.0,76.0,996.0,81.0,1458.0,647.0,15.8,48.6,0.8653
1.1,1012.0,94.0,4.8,752.0,66.0,1053.0,74.0,1393.0,649.0,15.7,47.0,0.8325
0.9,948.0,93.0,4.0,710.0,56.0,1127.0,67.0,1352.0,575.0,15.7,45.9,0.8121
0.7,889.0,49.0,2.3,603.0,35.0,1308.0,46.0,1271.0,455.0,15.6,44.9,0.792
0.4,830.0,30.0,1.4,538.0,21.0,1475.0,30.0,1214.0,392.0,15.6,44.4,0.7827
0.3,804.0,30.0,0.7,468.0,12.0,1826.0,19.0,1166.0,320.0,15.7,45.4,0.8063
0.3,824.0,32.0,0.8,478.0,22.0,1705.0,32.0,1200.0,331.0,15.3,50.1,0.8617
0.8,1000.0,59.0,3.6,688.0,55.0,1257.0,61.0,1398.0,426.0,14.2,58.6,0.9443
2.8,1307.0,277.0,12.9,1082.0,152.0,777.0,111.0,1769.0,830.0,14.3,58.2,0.9431
3.1,1286.0,454.0,15.7,1171.0,153.0,716.0,102.0,1821.0,1006.0,15.0,52.0,0.8817
2.3,1150.0,211.0,8.6,925.0,152.0,865.0,116.0,1576.0,820.0,13.6,61.4,0.9519
1.6,1087.0,196.0,7.4,876.0,112.0,911.0,96.0,1554.0,737.0,16.1,53.1,0.9675
1.5,1016.0,110.0,6.6,839.0,119.0,991.0,97.0,1448.0,790.0,16.6,44.3,0.8294
1.6,1029.0,164.0,7.8,892.0,122.0,937.0,110.0,1474.0,760.0,17.4,40.3,0.7922
1.8,1109.0,151.0,9.1,943.0,115.0,883.0,103.0,1604.0,767.0,18.1,42.2,0.8679
1.4,997.0,112.0,6.1,817.0,84.0,1030.0,79.0,1426.0,626.0,14.4,51.8,0.8433
1.9,1177.0,117.0,7.5,880.0,146.0,927.0,104.0,1552.0,776.0,10.9,76.4,0.9953
1.2,1045.0,120.0,5.9,808.0,65.0,1038.0,69.0,1421.0,589.0,16.4,47.7,0.8819
2.3,1171.0,251.0,12.7,1073.0,120.0,847.0,96.0,1623.0,872.0,18.0,37.1,0.7598
3.3,1221.0,435.0,13.5,1101.0,185.0,799.0,121.0,1700.0,996.0,14.7,48.7,0.8089
3.1,1262.0,345.0,14.5,1133.0,157.0,774.0,129.0,1748.0,1033.0,11.3,71.3,0.9514
3.3,1207.0,343.0,11.0,1013.0,174.0,876.0,116.0,1632.0,982.0,10.0,74.0,0.9087
1.2,956.0,62.0,3.2,666.0,62.0,1235.0,71.0,1282.0,518.0,9.8,71.8,0.8702
1.3,1020.0,70.0,4.3,727.0,81.0,1153.0,85.0,1391.0,631.0,9.3,75.2,0.8796
1.9,1107.0,114.0,7.1,861.0,118.0,957.0,101.0,1510.0,879.0,9.6,76.0,0.9088
1.4,1020.0,88.0,4.8,752.0,95.0,1074.0,97.0,1398.0,839.0,9.3,75.0,0.8799
1.5,1051.0,95.0,5.7,798.0,84.0,1016.0,89.0,1455.0,876.0,9.0,76.7,0.8825
1.1,965.0,83.0,4.1,716.0,56.0,1087.0,72.0,1383.0,827.0,8.2,79.6,0.8672
0.8,869.0,68.0,2.8,642.0,69.0,1291.0,62.0,1288.0,723.0,8.1,72.1,0.7798
1.1,939.0,59.0,4.8,754.0,74.0,1169.0,64.0,1384.0,797.0,8.1,70.4,0.7609
2.6,1274.0,226.0,13.8,1109.0,161.0,820.0,80.0,1723.0,1138.0,8.1,70.5,0.7627
5.1,1512.0,802.0,27.1,1482.0,308.0,596.0,118.0,2189.0,1605.0,9.9,64.3,0.7859
4.2,1435.0,585.0,19.1,1271.0,300.0,676.0,130.0,1885.0,1569.0,13.0,54.2,0.809
2.6,1207.0,324.0,11.7,1041.0,189.0,813.0,113.0,1620.0,1319.0,16.5,42.6,0.7912
2.4,1223.0,308.0,12.7,1075.0,164.0,818.0,112.0,1678.0,1198.0,19.3,34.2,0.7566
2.1,1121.0,238.0,11.3,1026.0,122.0,865.0,96.0,1541.0,958.0,21.5,27.4,0.6941
2.6,1176.0,301.0,14.2,1123.0,166.0,816.0,125.0,1609.0,1068.0,20.4,26.7,0.6323
2.8,1144.0,294.0,13.9,1114.0,181.0,845.0,128.0,1551.0,1010.0,20.6,22.6,0.5432
2.5,1136.0,353.0,13.2,1089.0,127.0,856.0,101.0,1552.0,928.0,20.6,24.8,0.5931
1.9,1085.0,209.0,10.7,1004.0,106.0,888.0,95.0,1454.0,816.0,21.0,25.4,0.6264
3.6,1297.0,538.0,19.7,1287.0,192.0,723.0,138.0,1798.0,1216.0,21.5,24.5,0.6203
4.6,1408.0,808.0,24.0,1404.0,241.0,646.0,154.0,1972.0,1463.0,19.3,28.6,0.6357
6.3,1618.0,974.0,29.1,1530.0,326.0,579.0,171.0,2167.0,1791.0,18.0,32.9,0.6737
4.3,1319.0,544.0,15.8,1172.0,232.0,746.0,136.0,1699.0,1425.0,15.8,39.8,0.7096
1.6,1045.0,138.0,7.0,857.0,92.0,968.0,93.0,1410.0,922.0,15.3,41.5,0.7194
1.4,1058.0,92.0,6.3,824.0,95.0,993.0,99.0,1411.0,971.0,14.1,46.0,0.7363
2.3,1176.0,169.0,8.4,917.0,157.0,866.0,95.0,1560.0,1151.0,12.0,67.9,0.9523
1.3,1047.0,77.0,5.4,783.0,83.0,1014.0,79.0,1449.0,975.0,12.0,66.9,0.9336
1.7,1116.0,98.0,6.9,854.0,118.0,929.0,78.0,1533.0,1034.0,11.5,70.1,0.9503
1.7,1074.0,102.0,6.4,832.0,101.0,951.0,75.0,1507.0,980.0,11.4,69.8,0.939
0.8,898.0,69.0,3.3,669.0,46.0,1163.0,52.0,1386.0,807.0,10.8,70.3,0.9092
1.0,970.0,89.0,4.0,708.0,81.0,1121.0,55.0,1435.0,842.0,10.2,73.4,0.9129
1.4,1073.0,134.0,6.0,812.0,112.0,988.0,65.0,1500.0,950.0,10.8,70.5,0.9142
1.7,1081.0,157.0,8.2,906.0,150.0,895.0,72.0,1591.0,1024.0,11.0,71.0,0.9279
2.0,1159.0,167.0,9.9,976.0,138.0,837.0,76.0,1663.0,1098.0,12.4,64.0,0.9206
2.0,1112.0,157.0,8.8,931.0,124.0,869.0,84.0,1588.0,1011.0,15.0,53.1,0.8993
1.9,1112.0,172.0,8.4,917.0,124.0,897.0,90.0,1542.0,931.0,16.6,44.4,0.8313
2.1,1063.0,114.0,7.5,877.0,115.0,971.0,89.0,1481.0,811.0,18.0,38.4,0.7862
1.8,1032.0,166.0,7.8,892.0,101.0,973.0,87.0,1457.0,756.0,20.6,30.0,0.7213
1.5,936.0,94.0,6.4,829.0,90.0,1054.0,88.0,1336.0,607.0,19.9,26.7,0.6137
1.3,883.0,108.0,5.1,766.0,90.0,1152.0,81.0,1238.0,498.0,19.8,23.1,0.5283
1.4,942.0,98.0,6.9,852.0,89.0,1055.0,89.0,1318.0,540.0,21.4,22.7,0.5722
1.5,943.0,132.0,6.8,850.0,92.0,1084.0,91.0,1296.0,544.0,22.1,21.3,0.5605
1.7,1007.0,144.0,7.4,875.0,103.0,1027.0,104.0,1357.0,620.0,21.1,24.5,0.604
2.0,1037.0,165.0,8.7,927.0,122.0,949.0,111.0,1426.0,740.0,18.3,31.6,0.6562
2.5,1127.0,210.0,11.2,1022.0,159.0,871.0,129.0,1534.0,921.0,16.1,35.0,0.6372
2.4,1123.0,277.0,10.5,996.0,172.0,861.0,133.0,1551.0,1033.0,14.8,41.5,0.6929
2.0,1110.0,168.0,8.2,909.0,125.0,916.0,115.0,1487.0,984.0,13.2,50.3,0.7577
2.9,1247.0,248.0,11.6,1037.0,187.0,812.0,125.0,1618.0,1193.0,12.3,55.5,0.7916
2.5,1220.0,235.0,9.7,967.0,174.0,844.0,117.0,1545.0,1219.0,11.8,56.6,0.7833
1.4,1028.0,84.0,5.1,770.0,75.0,1047.0,84.0,1326.0,913.0,11.2,56.2,0.7469
1.2,978.0,75.0,4.0,711.0,48.0,1144.0,63.0,1304.0,750.0,11.0,56.6,0.7418
1.0,949.0,62.0,3.7,694.0,61.0,1160.0,68.0,1310.0,772.0,9.3,64.3,0.7531
0.7,836.0,38.0,2.9,643.0,38.0,1244.0,49.0,1306.0,727.0,7.7,70.7,0.7463
0.8,856.0,44.0,2.9,644.0,41.0,1259.0,49.0,1301.0,746.0,7.4,71.0,0.7346
0.9,888.0,60.0,3.0,651.0,51.0,1240.0,52.0,1298.0,733.0,8.2,66.6,0.7283
1.1,912.0,88.0,3.7,694.0,61.0,1196.0,58.0,1343.0,727.0,8.7,64.3,0.7267
1.0,938.0,70.0,3.9,706.0,47.0,1177.0,51.0,1320.0,642.0,13.0,47.9,0.7116
1.6,1053.0,94.0,6.2,823.0,87.0,1040.0,77.0,1386.0,810.0,17.4,35.4,0.699
1.8,1087.0,126.0,7.3,870.0,107.0,1014.0,90.0,1412.0,851.0,20.2,29.2,0.683
2.6,1153.0,181.0,9.2,945.0,161.0,969.0,118.0,1425.0,911.0,22.7,22.9,0.6224
1.1,894.0,66.0,4.0,710.0,61.0,1209.0,70.0,1200.0,611.0,22.3,22.4,0.5955
0.6,797.0,54.0,2.3,606.0,26.0,1452.0,35.0,1076.0,368.0,22.2,18.9,0.4993
0.9,854.0,48.0,3.1,658.0,42.0,1409.0,46.0,1108.0,369.0,22.0,19.0,0.4969
1.0,892.0,66.0,3.2,665.0,55.0,1348.0,58.0,1150.0,394.0,21.0,23.6,0.5788
1.2,935.0,65.0,3.3,672.0,65.0,1299.0,61.0,1183.0,415.0,19.6,27.4,0.6162
1.4,989.0,68.0,4.0,709.0,75.0,1225.0,80.0,1233.0,469.0,17.9,30.8,0.6258
2.0,1063.0,118.0,5.7,797.0,93.0,1079.0,93.0,1285.0,607.0,16.4,35.3,0.6532
1.1,922.0,65.0,3.4,674.0,63.0,1220.0,78.0,1205.0,498.0,15.6,37.5,0.6575
1.1,925.0,63.0,3.5,680.0,60.0,1223.0,76.0,1217.0,481.0,15.5,36.7,0.6438
1.1,924.0,61.0,2.9,648.0,63.0,1272.0,74.0,1186.0,465.0,14.5,39.0,0.6428
1.1,914.0,63.0,3.1,661.0,66.0,1256.0,81.0,1187.0,478.0,14.2,38.2,0.6163
0.7,840.0,31.0,1.6,556.0,41.0,1474.0,58.0,1094.0,366.0,13.7,38.3,0.5957
0.6,799.0,29.0,1.1,514.0,42.0,1615.0,59.0,1036.0,332.0,14.1,34.0,0.5442
0.7,856.0,34.0,2.0,581.0,36.0,1448.0,54.0,1111.0,346.0,14.6,34.0,0.5605
0.3,753.0,9.0,0.7,462.0,16.0,1822.0,25.0,955.0,274.0,13.9,30.9,0.4868
0.3,785.0,14.0,0.5,448.0,16.0,1923.0,26.0,1003.0,263.0,13.5,37.9,0.5852
0.4,835.0,23.0,0.7,472.0,33.0,1756.0,49.0,1117.0,314.0,13.9,43.6,0.6871
0.5,865.0,36.0,0.9,494.0,39.0,1613.0,53.0,1185.0,367.0,13.5,50.1,0.7706
0.6,922.0,39.0,1.5,541.0,45.0,1453.0,57.0,1246.0,432.0,13.3,53.6,0.8169
0.8,975.0,38.0,2.2,598.0,63.0,1268.0,73.0,1293.0,536.0,13.4,56.0,0.8576
1.0,1040.0,55.0,2.9,646.0,71.0,1210.0,78.0,1325.0,555.0,13.0,59.6,0.886
1.3,1115.0,75.0,3.9,707.0,104.0,1105.0,93.0,1384.0,677.0,12.7,62.7,0.9173
1.1,1004.0,64.0,2.8,641.0,85.0,1201.0,71.0,1305.0,557.0,12.1,60.5,0.8505
0.6,895.0,39.0,1.4,536.0,53.0,1415.0,56.0,1229.0,421.0,11.2,64.4,0.8537
0.7,917.0,42.0,1.7,563.0,58.0,1415.0,60.0,1257.0,423.0,10.7,67.6,0.8703
1.2,1025.0,78.0,3.6,689.0,89.0,1189.0,77.0,1325.0,519.0,11.4,61.2,0.8236
1.4,1035.0,69.0,3.1,660.0,96.0,1222.0,82.0,1301.0,533.0,9.9,70.5,0.8581
1.2,1025.0,67.0,3.5,682.0,88.0,1197.0,77.0,1313.0,537.0,10.3,65.2,0.8151
1.3,1040.0,83.0,3.9,705.0,100.0,1149.0,91.0,1324.0,612.0,11.0,58.9,0.7714
1.8,1070.0,79.0,5.2,776.0,127.0,1065.0,93.0,1369.0,697.0,10.6,59.5,0.7595
1.2,964.0,68.0,3.7,692.0,88.0,1176.0,82.0,1292.0,573.0,10.6,57.7,0.7362
0.8,904.0,56.0,2.7,635.0,66.0,1269.0,74.0,1233.0,489.0,10.6,56.1,0.7149
0.8,913.0,49.0,2.6,626.0,61.0,1271.0,68.0,1234.0,474.0,10.3,58.0,0.7239
0.8,914.0,56.0,2.4,610.0,54.0,1322.0,65.0,1230.0,455.0,10.4,58.4,0.7352
0.7,893.0,48.0,2.0,587.0,46.0,1368.0,58.0,1219.0,433.0,10.7,58.2,0.7459
0.5,844.0,27.0,1.3,532.0,25.0,1499.0,36.0,1176.0,376.0,10.5,59.9,0.7624
0.3,837.0,29.0,1.2,518.0,18.0,1581.0,29.0,1182.0,360.0,10.5,60.8,0.7704
0.3,825.0,47.0,0.9,489.0,21.0,1565.0,28.0,1171.0,363.0,11.1,60.1,0.7925
0.7,956.0,66.0,3.1,656.0,76.0,1251.0,68.0,1356.0,525.0,10.1,68.4,0.8443
1.6,1124.0,163.0,6.9,853.0,149.0,960.0,99.0,1531.0,873.0,10.0,68.7,0.8456
3.9,1496.0,524.0,19.1,1272.0,328.0,667.0,130.0,2011.0,1399.0,11.0,64.2,0.8398
4.5,1452.0,657.0,22.1,1354.0,282.0,620.0,128.0,2057.0,1501.0,12.0,58.1,0.8138
2.7,1172.0,324.0,11.8,1042.0,206.0,797.0,120.0,1641.0,1186.0,12.8,52.0,0.7643
1.6,1020.0,144.0,7.3,871.0,133.0,956.0,93.0,1426.0,911.0,12.6,50.8,0.7387
1.6,1044.0,135.0,8.0,900.0,137.0,934.0,96.0,1471.0,919.0,13.8,47.4,0.7435
1.6,1020.0,140.0,7.2,866.0,116.0,972.0,84.0,1429.0,791.0,15.1,42.7,0.7294
1.5,1009.0,141.0,7.7,885.0,112.0,994.0,87.0,1439.0,751.0,16.3,38.1,0.7006
1.8,1073.0,181.0,9.7,966.0,128.0,935.0,87.0,1537.0,805.0,16.6,36.7,0.6867
2.1,1098.0,227.0,9.8,971.0,145.0,877.0,103.0,1527.0,966.0,15.8,40.5,0.7241
1.7,1061.0,149.0,7.7,887.0,110.0,920.0,88.0,1462.0,869.0,16.3,41.8,0.7712
3.0,1289.0,425.0,15.3,1158.0,184.0,755.0,118.0,1791.0,1196.0,16.1,42.8,0.7783
4.6,1442.0,669.0,21.5,1337.0,243.0,630.0,134.0,2004.0,1523.0,15.3,46.8,0.8074
5.0,1479.0,680.0,21.7,1343.0,259.0,631.0,144.0,1995.0,1579.0,14.7,47.0,0.7815
3.5,1266.0,446.0,14.6,1138.0,205.0,726.0,129.0,1747.0,1370.0,14.1,49.6,0.7931
2.1,1149.0,205.0,9.3,952.0,144.0,845.0,108.0,1577.0,1204.0,13.5,54.1,0.8351
2.1,1168.0,194.0,9.4,954.0,152.0,843.0,104.0,1586.0,1201.0,12.3,59.2,0.8461
1.5,1079.0,115.0,6.8,847.0,108.0,925.0,90.0,1463.0,1122.0,11.6,62.2,0.851
1.1,1047.0,74.0,4.9,760.0,64.0,1032.0,74.0,1379.0,1003.0,11.5,61.4,0.8303
0.9,936.0,85.0,3.9,705.0,73.0,1086.0,73.0,1364.0,918.0,10.9,64.6,0.8395
0.7,900.0,66.0,2.7,635.0,47.0,1207.0,60.0,1307.0,836.0,11.1,63.2,0.8331
0.9,905.0,47.0,3.3,670.0,79.0,1191.0,62.0,1346.0,820.0,10.2,65.8,0.8196
1.6,1079.0,116.0,7.4,875.0,113.0,947.0,71.0,1535.0,998.0,10.3,65.6,0.8225
3.9,1417.0,478.0,18.2,1246.0,263.0,669.0,94.0,1921.0,1403.0,10.8,64.0,0.8307
5.0,1529.0,836.0,27.7,1497.0,275.0,569.0,99.0,2278.0,1641.0,13.3,55.6,0.8453
4.3,1397.0,655.0,18.3,1248.0,263.0,659.0,119.0,1906.0,1534.0,15.8,46.8,0.8328
2.7,1214.0,312.0,12.3,1061.0,183.0,780.0,103.0,1662.0,1257.0,19.5,34.4,0.7738
2.1,1109.0,195.0,8.9,935.0,147.0,882.0,95.0,1518.0,1026.0,21.1,30.2,0.745
2.1,1122.0,238.0,10.4,993.0,132.0,859.0,95.0,1571.0,993.0,18.4,34.2,0.7185
3.9,1489.0,536.0,19.1,1270.0,309.0,633.0,114.0,1889.0,1638.0,13.5,53.4,0.8196
3.8,1451.0,481.0,17.3,1219.0,327.0,661.0,127.0,1804.0,1633.0,15.0,49.3,0.8364
3.8,1454.0,460.0,17.5,1225.0,299.0,661.0,135.0,1809.0,1654.0,17.1,42.1,0.812
3.9,1392.0,597.0,17.0,1210.0,257.0,689.0,135.0,1792.0,1559.0,18.4,36.9,0.7758
3.5,1351.0,465.0,17.0,1210.0,195.0,709.0,120.0,1783.0,1374.0,19.3,35.4,0.7824
4.0,1418.0,542.0,19.5,1282.0,231.0,681.0,129.0,1890.0,1418.0,19.2,35.7,0.7826
3.0,1303.0,437.0,14.8,1143.0,170.0,748.0,114.0,1734.0,1228.0,21.5,30.4,0.7677
3.1,1292.0,383.0,14.0,1116.0,192.0,746.0,129.0,1676.0,1293.0,19.6,34.6,0.7807
5.2,1560.0,778.0,24.4,1413.0,251.0,594.0,149.0,2046.0,1642.0,19.6,35.5,0.8017
5.9,1765.0,926.0,28.1,1507.0,289.0,533.0,149.0,2271.0,1895.0,18.3,44.1,0.9183
7.3,1875.0,1189.0,33.7,1637.0,351.0,482.0,158.0,2446.0,2086.0,17.4,47.8,0.9392
6.1,1746.0,824.0,24.2,1409.0,319.0,553.0,148.0,2119.0,1898.0,16.8,49.8,0.9446
4.6,1607.0,660.0,19.8,1290.0,264.0,587.0,134.0,1960.0,1758.0,16.2,53.2,0.9723
2.5,1277.0,203.0,9.3,952.0,144.0,802.0,111.0,1607.0,1284.0,14.9,59.1,0.9928
2.2,1207.0,136.0,7.3,868.0,119.0,877.0,106.0,1532.0,1075.0,13.9,64.0,1.013
2.0,1209.0,114.0,7.1,863.0,120.0,882.0,108.0,1547.0,1084.0,13.7,66.8,1.041
1.9,1189.0,110.0,6.7,844.0,96.0,887.0,93.0,1566.0,1049.0,13.4,69.6,1.0688
1.6,1132.0,127.0,6.0,810.0,77.0,899.0,83.0,1532.0,1021.0,12.8,71.9,1.0632
1.0,1033.0,70.0,3.6,686.0,63.0,1030.0,69.0,1420.0,948.0,11.9,74.8,1.038
1.2,1075.0,93.0,5.4,782.0,97.0,941.0,77.0,1505.0,988.0,11.6,76.4,1.0415
2.0,1242.0,179.0,10.0,978.0,180.0,778.0,87.0,1686.0,1184.0,11.7,75.3,1.0325
4.5,1657.0,523.0,23.2,1384.0,352.0,579.0,109.0,2176.0,1600.0,12.8,71.0,1.0428
4.1,1406.0,546.0,18.7,1258.0,279.0,636.0,116.0,1890.0,1495.0,13.8,61.1,0.9595
2.6,1150.0,251.0,9.9,973.0,186.0,827.0,105.0,1590.0,1188.0,15.3,51.4,0.8886
2.3,1184.0,222.0,10.2,983.0,169.0,823.0,106.0,1604.0,1166.0,16.6,48.7,0.9146
2.6,1223.0,212.0,11.0,1014.0,172.0,781.0,108.0,1666.0,1219.0,17.6,46.7,0.9324
2.4,1196.0,263.0,10.5,997.0,127.0,802.0,100.0,1644.0,1128.0,19.2,42.7,0.9425
4.3,1559.0,535.0,18.9,1267.0,230.0,653.0,149.0,2047.0,1373.0,15.7,62.5,1.1092
4.6,1544.0,609.0,18.9,1266.0,280.0,613.0,148.0,2066.0,1415.0,14.5,75.7,1.2425
4.0,1485.0,449.0,17.5,1223.0,242.0,650.0,126.0,1980.0,1302.0,14.4,77.4,1.2654
4.7,1498.0,536.0,17.7,1230.0,250.0,649.0,140.0,1963.0,1308.0,14.6,74.9,1.2391
5.7,1593.0,743.0,23.0,1378.0,309.0,582.0,142.0,2159.0,1449.0,14.6,76.0,1.2573
5.2,1529.0,575.0,20.4,1309.0,270.0,627.0,141.0,2083.0,1385.0,14.0,76.3,1.2166
6.4,1689.0,783.0,26.8,1474.0,323.0,560.0,149.0,2298.0,1492.0,13.9,78.0,1.2303
6.0,1535.0,706.0,19.9,1295.0,307.0,627.0,140.0,2039.0,1380.0,13.8,78.0,1.2229
3.4,1304.0,299.0,12.5,1067.0,224.0,737.0,117.0,1811.0,1167.0,13.5,79.4,1.2224
2.7,1235.0,159.0,9.6,963.0,166.0,803.0,103.0,1680.0,1095.0,13.1,80.1,1.2016
3.1,1281.0,171.0,10.0,977.0,171.0,794.0,99.0,1695.0,1105.0,12.8,81.0,1.1915
2.6,1167.0,162.0,8.1,904.0,169.0,846.0,100.0,1627.0,1051.0,12.7,80.6,1.1819
2.2,1134.0,111.0,7.1,863.0,120.0,869.0,88.0,1599.0,1009.0,12.5,81.8,1.1838
1.9,1100.0,134.0,6.4,829.0,103.0,887.0,83.0,1565.0,972.0,12.7,81.2,1.1849
0.6,852.0,46.0,2.9,646.0,59.0,1186.0,59.0,1321.0,793.0,14.2,52.2,0.8413
0.8,923.0,56.0,4.9,757.0,72.0,1041.0,67.0,1418.0,906.0,14.3,55.4,0.9003
4.0,1490.0,452.0,22.6,1368.0,244.0,627.0,95.0,2119.0,1541.0,14.0,58.0,0.9202
5.6,1662.0,880.0,31.1,1576.0,351.0,523.0,123.0,2417.0,1861.0,15.4,53.3,0.9289
5.0,1553.0,759.0,22.1,1354.0,358.0,621.0,142.0,2030.0,1895.0,19.1,42.1,0.9233
3.2,1423.0,394.0,18.3,1247.0,245.0,706.0,142.0,1887.0,1684.0,23.7,31.0,0.8968
3.8,1458.0,639.0,22.0,1350.0,240.0,677.0,169.0,1947.0,1731.0,26.9,25.7,0.8942
3.3,1349.0,541.0,20.1,1299.0,179.0,728.0,142.0,1838.0,1402.0,29.7,20.6,0.8478
3.0,1326.0,468.0,18.9,1265.0,160.0,757.0,136.0,1835.0,1246.0,29.2,21.5,0.8573
3.2,1356.0,483.0,20.6,1312.0,174.0,729.0,147.0,1865.0,1342.0,29.6,20.1,0.8181
4.4,1460.0,682.0,25.3,1438.0,260.0,680.0,196.0,1953.0,1489.0,30.0,19.4,0.81
4.6,1497.0,698.0,25.8,1449.0,281.0,679.0,186.0,1985.0,1532.0,29.5,20.1,0.8136
5.2,1645.0,832.0,30.6,1566.0,284.0,599.0,177.0,2228.0,1909.0,27.0,26.8,0.9403
4.8,1557.0,872.0,27.1,1483.0,250.0,615.0,164.0,2087.0,1757.0,24.9,30.8,0.954
5.6,1747.0,899.0,32.5,1608.0,281.0,557.0,161.0,2335.0,1983.0,23.1,36.7,1.0244
4.6,1482.0,692.0,20.8,1319.0,230.0,660.0,146.0,1975.0,1703.0,21.5,40.8,1.0333
1.8,1211.0,145.0,10.9,1010.0,98.0,816.0,98.0,1619.0,1246.0,20.5,41.5,0.9864
2.2,1294.0,208.0,13.0,1083.0,121.0,770.0,108.0,1687.0,1321.0,19.2,44.9,0.9875
2.0,1300.0,204.0,11.8,1043.0,110.0,777.0,107.0,1659.0,1375.0,18.8,47.7,1.0221
2.8,1402.0,240.0,13.4,1098.0,161.0,736.0,113.0,1729.0,1456.0,18.2,49.7,1.0284
2.6,1349.0,251.0,13.4,1097.0,148.0,707.0,100.0,1763.0,1442.0,16.1,57.4,1.0451
1.8,1161.0,173.0,9.0,938.0,109.0,827.0,87.0,1597.0,1243.0,16.3,55.3,1.0178
0.7,933.0,65.0,3.7,697.0,71.0,1045.0,65.0,1403.0,937.0,14.8,57.7,0.9644
0.9,1021.0,119.0,5.7,800.0,75.0,931.0,64.0,1483.0,1019.0,14.0,59.7,0.9499
1.5,1134.0,151.0,10.0,979.0,106.0,794.0,73.0,1639.0,1140.0,14.6,56.8,0.9385
2.5,1311.0,305.0,15.0,1147.0,166.0,681.0,86.0,1838.0,1351.0,16.7,51.9,0.9788
3.0,1409.0,415.0,15.6,1169.0,188.0,685.0,105.0,1874.0,1459.0,20.0,45.0,1.039
2.6,1301.0,321.0,12.3,1059.0,161.0,787.0,107.0,1727.0,1297.0,23.9,33.7,0.9837
2.6,1354.0,358.0,14.4,1130.0,139.0,765.0,114.0,1808.0,1291.0,26.8,29.5,1.0209
2.6,1391.0,350.0,14.6,1136.0,134.0,738.0,105.0,1840.0,1296.0,27.2,32.4,1.1493
1.9,1200.0,238.0,8.7,929.0,84.0,879.0,74.0,1623.0,972.0,26.9,32.1,1.1217
2.0,1338.0,215.0,11.0,1016.0,98.0,798.0,95.0,1766.0,1194.0,24.3,41.8,1.2561
1.7,1223.0,192.0,9.0,938.0,91.0,884.0,89.0,1610.0,880.0,25.6,36.0,1.1629
1.9,1278.0,205.0,10.7,1003.0,99.0,845.0,95.0,1691.0,909.0,27.0,31.8,1.1176
1.8,1257.0,165.0,9.9,973.0,90.0,860.0,93.0,1634.0,839.0,27.5,31.6,1.1417
2.8,1497.0,283.0,15.7,1171.0,147.0,725.0,123.0,1899.0,1248.0,24.9,38.1,1.1838
3.5,1567.0,467.0,19.4,1280.0,177.0,661.0,134.0,1970.0,1476.0,23.4,39.7,1.1276
3.4,1503.0,485.0,16.8,1203.0,162.0,651.0,126.0,1863.0,1502.0,21.2,50.8,1.2631
2.0,1169.0,202.0,6.8,850.0,88.0,906.0,79.0,1584.0,873.0,15.6,73.5,1.2953
1.1,1007.0,64.0,3.0,650.0,53.0,1157.0,54.0,1404.0,528.0,12.9,79.7,1.1774
1.3,1004.0,71.0,3.2,667.0,68.0,1157.0,69.0,1365.0,492.0,11.5,76.9,1.0436
1.2,967.0,84.0,3.1,661.0,61.0,1181.0,67.0,1321.0,463.0,12.2,66.8,0.9455
1.3,984.0,70.0,3.9,707.0,71.0,1131.0,73.0,1359.0,494.0,12.4,64.1,0.9209
1.0,931.0,61.0,3.6,689.0,63.0,1161.0,73.0,1317.0,503.0,12.7,58.7,0.8605
0.3,763.0,20.0,0.7,471.0,14.0,1783.0,20.0,1098.0,305.0,12.5,50.9,0.7346
0.5,804.0,31.0,1.1,505.0,34.0,1718.0,37.0,1148.0,329.0,12.8,49.3,0.7285
0.6,830.0,41.0,1.4,535.0,42.0,1496.0,50.0,1184.0,375.0,13.5,48.6,0.7487
0.6,833.0,40.0,1.6,553.0,40.0,1476.0,45.0,1180.0,373.0,14.4,45.9,0.7476
0.8,875.0,35.0,2.3,603.0,48.0,1370.0,48.0,1206.0,385.0,15.1,43.9,0.7487
1.0,882.0,44.0,2.5,621.0,61.0,1346.0,56.0,1216.0,403.0,16.6,38.6,0.7236
0.9,862.0,71.0,2.7,635.0,58.0,1320.0,58.0,1193.0,393.0,17.2,35.0,0.6789
1.0,863.0,66.0,2.7,636.0,57.0,1290.0,52.0,1185.0,388.0,17.4,33.9,0.6683
0.8,830.0,46.0,2.2,596.0,54.0,1389.0,52.0,1145.0,371.0,17.9,30.7,0.6234
0.7,807.0,50.0,2.0,584.0,41.0,1488.0,44.0,1104.0,347.0,18.3,27.2,0.5675
0.9,873.0,51.0,3.4,675.0,57.0,1343.0,59.0,1181.0,396.0,19.4,25.7,0.5738
1.3,931.0,64.0,4.5,739.0,83.0,1274.0,74.0,1219.0,474.0,20.2,24.1,0.563
1.4,918.0,138.0,4.7,748.0,81.0,1228.0,76.0,1219.0,505.0,19.6,24.9,0.5625
1.5,1001.0,137.0,6.0,811.0,98.0,1122.0,83.0,1344.0,625.0,18.5,27.8,0.5843
2.7,1169.0,303.0,11.7,1039.0,124.0,883.0,100.0,1550.0,941.0,17.8,30.3,0.6129
2.5,1085.0,204.0,8.2,907.0,133.0,976.0,101.0,1419.0,893.0,16.6,34.0,0.6353
1.4,940.0,95.0,5.1,769.0,100.0,1103.0,90.0,1310.0,731.0,15.5,37.0,0.6447
2.8,1126.0,347.0,13.0,1083.0,116.0,875.0,93.0,1654.0,955.0,14.8,39.5,0.6595
2.1,978.0,252.0,7.0,858.0,102.0,1013.0,79.0,1379.0,761.0,14.5,42.0,0.6896
1.1,893.0,66.0,3.9,703.0,55.0,1192.0,57.0,1283.0,515.0,14.1,44.9,0.7206
0.7,838.0,45.0,2.2,601.0,33.0,1361.0,43.0,1220.0,434.0,14.2,45.5,0.7333
0.4,803.0,36.0,1.3,527.0,17.0,1513.0,25.0,1152.0,369.0,14.1,45.3,0.7247
0.4,809.0,21.0,1.2,521.0,35.0,1575.0,44.0,1158.0,378.0,13.9,43.9,0.6923
0.8,898.0,60.0,3.4,676.0,70.0,1271.0,72.0,1307.0,517.0,14.0,43.8,0.6959
1.9,1053.0,155.0,7.5,880.0,116.0,982.0,91.0,1464.0,786.0,14.4,43.6,0.7113
2.1,1033.0,235.0,8.9,934.0,134.0,917.0,89.0,1490.0,844.0,15.0,41.7,0.7093
1.4,941.0,89.0,5.3,780.0,113.0,1080.0,84.0,1343.0,720.0,16.3,38.4,0.7052
1.4,941.0,76.0,5.4,782.0,110.0,1102.0,83.0,1328.0,668.0,18.3,32.3,0.676
1.3,917.0,101.0,5.2,772.0,98.0,1098.0,78.0,1311.0,605.0,18.8,31.7,0.6821
1.5,977.0,109.0,6.6,837.0,96.0,1038.0,80.0,1413.0,646.0,19.6,30.9,0.6968
1.6,994.0,143.0,6.9,851.0,95.0,1018.0,75.0,1436.0,640.0,20.2,30.7,0.7176
1.3,942.0,104.0,5.4,785.0,86.0,1065.0,77.0,1365.0,571.0,19.7,32.5,0.7396
1.4,981.0,107.0,6.0,810.0,86.0,1060.0,77.0,1395.0,605.0,20.7,31.6,0.7602
1.5,984.0,133.0,6.4,832.0,91.0,1034.0,81.0,1410.0,636.0,20.0,32.7,0.7545
2.2,1116.0,171.0,10.7,1003.0,119.0,864.0,101.0,1625.0,886.0,18.6,35.4,0.7535
3.2,1181.0,405.0,13.9,1114.0,147.0,787.0,119.0,1685.0,1032.0,18.3,35.9,0.7501
3.0,1163.0,334.0,12.5,1068.0,135.0,811.0,111.0,1616.0,977.0,17.8,37.5,0.7568
2.6,1081.0,236.0,9.3,950.0,124.0,907.0,109.0,1496.0,924.0,17.3,38.8,0.7584
1.6,1017.0,99.0,6.7,842.0,89.0,1000.0,101.0,1441.0,846.0,17.3,38.8,0.7596
1.5,966.0,93.0,5.3,778.0,79.0,1057.0,89.0,1359.0,755.0,16.4,40.8,0.7542
1.2,924.0,82.0,4.0,709.0,63.0,1158.0,75.0,1318.0,610.0,16.0,41.4,0.7487
0.8,861.0,51.0,2.2,601.0,39.0,1351.0,51.0,1225.0,439.0,15.4,43.0,0.7482
0.7,826.0,41.0,1.7,560.0,25.0,1424.0,39.0,1197.0,402.0,15.7,42.5,0.7539
0.5,846.0,31.0,1.6,557.0,19.0,1385.0,32.0,1212.0,406.0,15.6,43.4,0.7651
0.7,930.0,38.0,3.3,670.0,58.0,1143.0,68.0,1339.0,746.0,15.5,47.3,0.8282
1.4,1120.0,111.0,8.9,935.0,112.0,843.0,76.0,1593.0,1126.0,14.4,53.1,0.8677
4.1,1518.0,584.0,23.4,1389.0,314.0,589.0,122.0,2101.0,1703.0,15.9,48.5,0.8704
4.6,1461.0,633.0,23.8,1398.0,240.0,630.0,129.0,2050.0,1628.0,18.1,40.3,0.8294
1.9,1075.0,145.0,7.9,896.0,128.0,938.0,94.0,1487.0,936.0,19.6,35.9,0.81
1.9,1061.0,155.0,8.2,908.0,141.0,968.0,99.0,1455.0,890.0,22.8,29.1,0.796
1.7,1066.0,128.0,8.8,931.0,118.0,979.0,81.0,1474.0,757.0,24.8,25.3,0.7793
2.4,1179.0,255.0,14.6,1137.0,132.0,829.0,87.0,1651.0,949.0,27.2,22.0,0.7785
3.0,1251.0,411.0,18.0,1238.0,150.0,773.0,107.0,1779.0,1109.0,28.2,20.4,0.7677
2.0,1120.0,173.0,12.0,1048.0,121.0,898.0,95.0,1560.0,870.0,25.4,24.2,0.7733
2.7,1187.0,277.0,14.8,1142.0,149.0,840.0,110.0,1651.0,1011.0,25.7,23.8,0.7737
2.2,1145.0,259.0,12.5,1066.0,120.0,903.0,99.0,1592.0,885.0,27.2,22.1,0.7811
2.9,1215.0,274.0,15.5,1164.0,155.0,817.0,113.0,1689.0,1015.0,27.0,22.3,0.786
3.4,1317.0,377.0,17.7,1231.0,172.0,766.0,127.0,1798.0,1155.0,24.5,27.8,0.8433
3.9,1388.0,457.0,21.6,1341.0,177.0,702.0,131.0,1955.0,1315.0,23.7,30.2,0.8718
3.6,1295.0,555.0,18.9,1266.0,181.0,716.0,137.0,1849.0,1359.0,21.5,34.5,0.8746
2.5,1153.0,279.0,12.5,1066.0,135.0,811.0,122.0,1651.0,1194.0,19.9,37.8,0.8675
1.8,1078.0,137.0,8.8,932.0,99.0,905.0,100.0,1511.0,951.0,18.9,40.6,0.8771
2.0,1133.0,203.0,10.9,1012.0,111.0,806.0,108.0,1608.0,1054.0,17.9,43.5,0.884
1.3,1055.0,101.0,8.0,899.0,72.0,880.0,83.0,1504.0,980.0,17.4,46.3,0.9112
1.0,953.0,86.0,4.4,735.0,54.0,999.0,74.0,1396.0,898.0,18.1,44.7,0.9186
0.6,892.0,51.0,2.8,639.0,41.0,1139.0,64.0,1359.0,803.0,16.5,50.1,0.9331
0.5,856.0,33.0,2.5,619.0,29.0,1191.0,39.0,1345.0,677.0,16.3,52.8,0.9722
1.1,1030.0,95.0,7.5,880.0,76.0,892.0,69.0,1539.0,996.0,13.9,60.7,0.9597
5.5,1689.0,754.0,30.4,1560.0,321.0,529.0,104.0,2396.0,1736.0,15.0,58.3,0.9876
4.2,1486.0,588.0,22.0,1351.0,274.0,571.0,100.0,2112.0,1692.0,16.1,54.8,0.996
4.6,1592.0,658.0,24.7,1423.0,322.0,577.0,146.0,2155.0,2108.0,19.3,46.4,1.0248
3.4,1469.0,372.0,18.4,1252.0,255.0,692.0,155.0,1903.0,1807.0,24.2,33.8,1.0097
2.8,1364.0,386.0,16.8,1205.0,196.0,723.0,139.0,1850.0,1566.0,26.7,28.7,0.9895
2.5,1285.0,333.0,14.2,1123.0,136.0,755.0,121.0,1741.0,1293.0,27.4,28.2,1.0098
2.4,1311.0,293.0,15.7,1170.0,119.0,748.0,108.0,1787.0,1219.0,28.1,26.9,1.0094
3.2,1416.0,511.0,21.9,1348.0,169.0,684.0,126.0,1969.0,1330.0,27.7,26.5,0.9693
3.5,1387.0,559.0,20.8,1318.0,197.0,701.0,145.0,1890.0,1299.0,28.4,23.4,0.8935
2.9,1329.0,375.0,16.2,1185.0,140.0,768.0,121.0,1750.0,1111.0,28.4,26.0,0.9922
3.6,1496.0,509.0,19.8,1292.0,178.0,680.0,145.0,1878.0,1300.0,27.3,30.0,1.0752
4.8,1676.0,790.0,28.9,1525.0,223.0,567.0,160.0,2226.0,1653.0,24.3,37.3,1.1199
5.4,1724.0,816.0,28.3,1510.0,222.0,562.0,155.0,2252.0,1716.0,23.1,42.2,1.1746
5.3,1642.0,804.0,24.9,1426.0,265.0,597.0,162.0,2117.0,1720.0,21.8,43.6,1.1226
2.7,1267.0,332.0,13.1,1088.0,151.0,764.0,129.0,1740.0,1339.0,19.8,46.8,1.0702
1.4,1146.0,156.0,8.6,923.0,79.0,845.0,96.0,1575.0,1166.0,19.6,49.8,1.1221
1.6,1216.0,143.0,9.5,960.0,87.0,788.0,92.0,1662.0,1256.0,17.9,56.2,1.142
1.5,1128.0,117.0,7.8,891.0,88.0,838.0,89.0,1574.0,1125.0,17.4,55.6,1.0963
1.0,1042.0,84.0,5.2,772.0,51.0,923.0,61.0,1495.0,968.0,16.8,59.5,1.1269
0.6,926.0,60.0,2.8,639.0,34.0,1115.0,54.0,1409.0,814.0,15.9,60.1,1.0806
0.8,959.0,64.0,4.4,734.0,76.0,1038.0,57.0,1470.0,861.0,13.3,67.0,1.0203
1.5,1097.0,148.0,9.4,956.0,139.0,827.0,68.0,1620.0,1047.0,12.9,66.5,0.9846
4.9,1674.0,635.0,29.8,1547.0,293.0,539.0,95.0,2405.0,1665.0,14.8,61.3,1.0237
7.2,1771.0,1129.0,36.2,1690.0,368.0,461.0,125.0,2572.0,1982.0,16.1,56.5,1.0274
3.5,1408.0,475.0,18.0,1241.0,250.0,648.0,135.0,1886.0,1711.0,18.6,47.8,1.0143
2.1,1156.0,220.0,10.9,1009.0,145.0,875.0,118.0,1583.0,1204.0,23.8,30.2,0.8771
1.5,1042.0,105.0,9.0,941.0,110.0,971.0,91.0,1491.0,871.0,25.4,25.0,0.7966
2.0,1167.0,190.0,14.4,1128.0,104.0,829.0,89.0,1716.0,1040.0,25.6,25.5,0.8234
3.8,1398.0,516.0,22.3,1360.0,205.0,656.0,129.0,2037.0,1439.0,24.9,29.9,0.9325
3.4,1458.0,346.0,20.9,1321.0,201.0,654.0,122.0,2023.0,1516.0,22.4,37.9,1.016
4.4,1554.0,565.0,23.1,1379.0,266.0,614.0,138.0,2151.0,1693.0,21.7,44.0,1.1242
3.9,1495.0,483.0,21.2,1331.0,246.0,615.0,136.0,2069.0,1635.0,21.4,44.4,1.1176
4.9,1560.0,651.0,24.8,1424.0,247.0,579.0,143.0,2176.0,1688.0,20.8,45.3,1.1016
5.4,1664.0,657.0,28.6,1519.0,271.0,553.0,145.0,2312.0,1820.0,20.2,48.6,1.1354
6.5,1761.0,830.0,32.6,1610.0,332.0,502.0,146.0,2488.0,2006.0,20.2,50.8,1.1924
4.3,1524.0,435.0,19.2,1275.0,245.0,608.0,122.0,2046.0,1740.0,18.6,57.6,1.2233
2.9,1398.0,209.0,16.3,1189.0,180.0,646.0,112.0,1931.0,1577.0,18.2,58.8,1.2173
2.7,1342.0,202.0,13.7,1106.0,156.0,694.0,102.0,1856.0,1443.0,17.8,61.0,1.2352
2.8,1433.0,174.0,13.6,1104.0,172.0,681.0,97.0,1876.0,1411.0,17.0,70.7,1.3554
2.3,1297.0,170.0,11.1,1019.0,137.0,733.0,85.0,1823.0,1217.0,16.2,76.9,1.4051
1.7,1179.0,116.0,7.6,884.0,91.0,830.0,76.0,1696.0,1086.0,15.7,78.6,1.3943
1.2,1097.0,91.0,5.9,809.0,80.0,897.0,74.0,1628.0,1050.0,15.7,78.4,1.3917
0.8,1005.0,48.0,4.5,738.0,68.0,1005.0,66.0,1563.0,917.0,15.7,74.7,1.3194
1.7,1206.0,111.0,9.3,949.0,162.0,818.0,90.0,1771.0,1116.0,15.9,73.1,1.3136
3.0,1458.0,345.0,18.3,1249.0,213.0,662.0,111.0,2033.0,1380.0,16.6,68.2,1.2737
3.4,1405.0,332.0,19.9,1295.0,161.0,638.0,103.0,2065.0,1378.0,18.7,57.6,1.2323
3.3,1381.0,344.0,16.6,1199.0,209.0,685.0,117.0,1970.0,1365.0,17.6,65.0,1.2945
2.7,1315.0,212.0,12.6,1072.0,191.0,736.0,116.0,1833.0,1273.0,16.3,73.2,1.3458
2.6,1332.0,166.0,12.9,1082.0,215.0,707.0,109.0,1889.0,1242.0,16.0,78.5,1.4209
3.2,1362.0,214.0,14.9,1145.0,212.0,673.0,116.0,1973.0,1294.0,17.3,72.4,1.4125
3.4,1399.0,377.0,17.4,1222.0,202.0,643.0,115.0,2061.0,1413.0,19.4,60.9,1.3545
2.6,1310.0,210.0,15.4,1160.0,153.0,695.0,94.0,1939.0,1224.0,21.4,50.9,1.2823
3.4,1399.0,265.0,16.7,1201.0,185.0,699.0,121.0,1971.0,1318.0,22.7,45.8,1.2465
4.0,1524.0,365.0,18.0,1239.0,210.0,644.0,114.0,2139.0,1404.0,20.9,60.8,1.4852
4.5,1487.0,454.0,19.2,1274.0,215.0,641.0,110.0,2133.0,1471.0,21.0,54.3,1.3353
4.2,1480.0,460.0,21.0,1324.0,215.0,622.0,122.0,2162.0,1623.0,20.8,54.4,1.3194
5.7,1626.0,642.0,26.9,1476.0,281.0,555.0,135.0,2356.0,1786.0,19.8,58.6,1.3392
4.4,1449.0,501.0,19.5,1282.0,254.0,625.0,133.0,2100.0,1569.0,19.1,61.1,1.3345
3.1,1363.0,234.0,15.1,1152.0,189.0,684.0,110.0,1951.0,1495.0,18.2,65.4,1.3529
3.0,1371.0,212.0,14.6,1136.0,174.0,689.0,102.0,1927.0,1471.0,18.1,66.1,1.3579
3.1,1406.0,275.0,13.7,1107.0,167.0,718.0,108.0,1872.0,1384.0,17.7,66.9,1.3422
3.5,1425.0,275.0,15.2,1155.0,185.0,709.0,110.0,1936.0,1789.0,17.8,66.8,1.346
